customerid,name,occupation,email,company,phonenumber,Age
0,David Melton,Unemployed,DMelton@zoho.com,"Morris, Winters and Ramirez",409-093-0748,16
1,Michael Gonzalez,Student,Gonzalez_Michael@yahoo.com,Hernandez and Sons,231-845-0673,19
2,Amanda Wilson,Student,Amanda.Wilson75@verizon.com,"Mooney, West and Hansen",844-276-4552,18
3,Robert Thomas,"Engineer, structural",RThomas@xfinity.com,Johnson-Gordon,410-404-8000,25
4,Eddie Hall,Surgeon,EddieHall@outlook.com,Dawson LLC,872-287-2196,30
5,Charles Cruz DDS,Unemployed,CharlesDDS55@hotmail.com,Mitchell and Sons,744-564-0382,16
6,Maria Johnson,"Engineer, aeronautical",MJohnson@aol.com,Gibbs-Avery,448-258-9852,22
7,Michael Vaughn,"Librarian, public",MichaelVaughn@zoho.com,Rice LLC,275-669-5217,30
8,Emily Anderson DDS,Solicitor,Emily_DDS@yahoo.com,Little and Sons,334-290-7258,28
9,Travis Jensen,Unemployed,Travis.Jensen@hotmail.com,Edwards-Collins,106-848-8870,13
10,Ryan Banks,Student,Ryan_Banks35@gmail.com,"Mitchell, Dean and Rivera",465-548-1441,21
11,Brandon Alexander,Chemical engineer,Alexander_Brandon@att.com,Robbins Ltd,305-319-8515,29
12,Valerie Moore,Unemployed,Moore_Valerie@verizon.com,Choi and Sons,288-680-8457,16
13,Tina Cox,Unemployed,Tina_Cox@protonmail.com,"Giles, Harris and Sparks",535-922-1854,16
14,Michelle Reyes,"Engineer, drilling",Michelle.Reyes@aol.com,"Stewart, Dawson and Lane",280-280-1661,31
15,Grace Pearson,Unemployed,Grace_P@yandex.com,Taylor-Walker,973-809-0260,14
16,Lauren Hill,Counsellor,Hill_Lauren73@aol.com,"Parsons, Nelson and Walker",175-283-1682,27
17,Kelsey Perkins,Nurse,Kelsey_P80@att.com,"Stephenson, Mccoy and Olson",925-021-2855,25
18,Zachary Howe,Unemployed,Howe.Zachary@xfinity.com,"Mullins, Dawson and Cross",556-773-8367,0
19,Elizabeth Harris,Unemployed,Elizabeth_Harris36@hotmail.com,"Grant, Bowman and Sawyer",177-551-8499,11
20,Angela Myers,Unemployed,Angela.Myers79@xfinity.com,Valentine-Jenkins,507-312-2781,4
21,Bridget Turner,Unemployed,Turner_Bridget66@verizon.com,Henderson LLC,578-620-4478,10
22,Sean Martinez,"Engineer, manufacturing systems",SeanMartinez@outlook.com,Jones Ltd,280-193-6840,27
23,Laura Walton,Unemployed,Walton.Laura@xfinity.com,Harris Group,332-989-5650,15
24,Samantha Travis,Solicitor,STravis59@outlook.com,Miller LLC,778-558-6695,28
25,Pamela Estrada,Chemical engineer,Pamela_E@protonmail.com,Kline PLC,801-604-6888,23
26,Gary Avila,"Engineer, civil (contracting)",Gary.Avila@aol.com,"Arnold, Powell and Smith",683-963-6839,25
27,Sean Trevino,"Engineer, water",Trevino_Sean@gmail.com,Hogan-Warren,349-209-0139,32
28,Michael Smith,Chemical engineer,Michael.S@verizon.com,Gutierrez-Martin,781-655-9073,38
29,Arthur Gray,Chemical engineer,ArthurGray@zoho.com,"Holt, Miller and Decker",338-817-0407,32
30,Ruben Rangel III,Solicitor,Ruben.I@gmail.com,"Horne, Wilkerson and James",178-691-5082,37
31,Victoria Gibson,"Engineer, control and instrumentation",Gibson.Victoria77@verizon.com,"Perry, Castro and Johnston",935-145-8444,38
32,Vanessa Davis,Police officer,Davis.Vanessa11@xfinity.com,Medina LLC,718-892-2262,24
33,Grace Perez,Unemployed,Perez.Grace@zoho.com,Medina-Sanders,509-876-3370,8
34,Richard Tran,Architect,Richard.Tran@aol.com,"Williams, Wallace and Johnson",473-005-7571,42
35,Danny Ellis,Police officer,Ellis_Danny@mail.com,"Marshall, Rice and Francis",354-571-2506,26
36,Danielle Norman,Student,Danielle.Norman@outlook.com,"Williams, Burnett and Lowe",734-348-4379,21
37,Christopher Blackburn,Unemployed,Blackburn_Christopher@protonmail.com,Rivers Inc,331-141-8247,8
38,Benjamin Harris,Banker,Harris.Benjamin@att.com,"Johnson, Cook and Ferrell",967-661-4148,33
39,Mr. Ryan Benson MD,Unemployed,MD_Mr.@zoho.com,Jackson PLC,504-062-0075,14
40,Peter Nelson,Unemployed,PNelson@hotmail.com,"Hayes, Reyes and Johnson",613-808-4968,7
41,Mariah Smith,Unemployed,Mariah_Smith44@verizon.com,"Woods, Fields and Kelly",661-632-3828,7
42,Joseph Stewart,Unemployed,Joseph.S50@outlook.com,Buchanan-Bryan,322-144-7056,17
43,Melissa Hamilton,"Engineer, structural",Hamilton.Melissa55@protonmail.com,"Chan, Smith and Davis",495-724-8706,24
44,Amanda Castillo,Unemployed,AmandaCastillo@aol.com,Santos and Sons,311-684-9511,6
45,Tonya Reed,Dentist,Tonya_R@yandex.com,"Davis, Buckley and Johnson",567-766-1694,38
46,Christopher Bishop,Student,Christopher.B@zoho.com,Moore-White,107-315-1619,18
47,Matthew Chapman,"Doctor, general practice",MatthewChapman88@xfinity.com,Hoffman-Moore,409-194-3924,34
48,Lisa Smith,Unemployed,Lisa_Smith66@xfinity.com,Brock Group,214-474-4007,14
49,Barbara Preston,Unemployed,Barbara.P93@outlook.com,"Singleton, Smith and Franklin",893-920-4044,17
50,Jonathan Meadows,Student,JMeadows@hotmail.com,"Sanders, Lewis and Cross",608-508-5084,18
51,Nicholas Robertson,Chemical engineer,Robertson.Nicholas@protonmail.com,"Hernandez, Collins and Mata",168-928-0066,26
52,Charles Coleman,Unemployed,Coleman.Charles77@verizon.com,Nelson-Guzman,689-253-7418,15
53,Christina Murphy,Unemployed,Christina.M72@gmail.com,"Hutchinson, Lewis and Lambert",811-430-2477,8
54,Justin Anderson,"Engineer, manufacturing systems",JustinAnderson@outlook.com,Turner Inc,674-789-4341,23
55,John Weiss,Student,JohnWeiss90@yahoo.com,"Rodriguez, Lawson and Foster",133-555-7593,18
56,Dennis Johnson,Editor,Johnson.Dennis@yandex.com,Hawkins Ltd,314-131-3013,47
57,Martin Stephenson,Unemployed,MartinStephenson@mail.com,"Lee, Richardson and Thompson",113-035-1383,17
58,William Mitchell,Editor,Mitchell_William55@zoho.com,Callahan Ltd,350-001-7376,33
59,Pamela Atkins,Student,Pamela_A@yahoo.com,Matthews LLC,895-207-3772,18
60,Alyssa Gill,"Engineer, broadcasting (operations)",Gill.Alyssa@hotmail.com,Wise PLC,497-572-6249,27
61,Timothy Jensen,"Engineer, production",Timothy_J@zoho.com,"Powers, Shaw and Burgess",240-457-7921,39
62,Christopher Gilbert,Chemical engineer,Christopher_Gilbert@gmail.com,"Miller, Hall and Wright",447-555-1382,26
63,John Cortez,Chemical engineer,JCortez37@att.com,Hernandez-Pierce,434-864-5302,23
64,Kevin Ferguson,Unemployed,KFerguson@att.com,"Tanner, Martinez and Chapman",462-849-1051,11
65,Adam Jimenez,Unemployed,Jimenez.Adam47@outlook.com,Clark-Cook,966-848-9733,14
66,Joshua Olson,Unemployed,Joshua_Olson@yahoo.com,Molina and Sons,889-887-7090,4
67,Shelia Barnes,"Engineer, production",Barnes_Shelia@outlook.com,"Smith, Vega and Lin",171-457-1855,22
68,Timothy Munoz,Unemployed,Timothy_M68@aol.com,Robinson-Haley,770-185-0597,4
69,Sabrina James,"Engineer, aeronautical",SJames@xfinity.com,Wilson-Hamilton,244-463-2947,28
70,Ryan Lynch,Student,Lynch_Ryan@protonmail.com,Chavez LLC,690-970-8490,21
71,Kelly Nguyen,"Engineer, electronics",Kelly_Nguyen@protonmail.com,"Walker, Hall and Boyd",435-612-3991,32
72,Patrick Ramos,Unemployed,Patrick.R@mail.com,Kramer-Reed,869-914-4190,6
73,Mrs. Kim Fields,Student,Mrs._Fields@outlook.com,Barry-Washington,249-368-0795,19
74,Kathleen Hicks,"Engineer, water",Hicks_Kathleen@xfinity.com,Lucero Group,903-526-1070,31
75,Sylvia Knight,Student,Sylvia.Knight@verizon.com,Oconnor and Sons,813-388-5104,18
76,Darrell Joseph,Student,Joseph.Darrell@mail.com,"Williams, Jacobson and Jimenez",731-747-3885,20
77,Tina Carey,Editor,Carey_Tina@yahoo.com,Barnett Ltd,625-037-7653,23
78,Todd Vang,Student,Todd_V97@hotmail.com,Anderson-Andrews,363-591-2515,19
79,Christopher Turner,Student,Christopher.Turner@verizon.com,Henry-Fowler,950-752-9718,20
80,Joseph Booth,Barista,Joseph_Booth40@outlook.com,Hansen Ltd,527-395-9646,30
81,Christopher Steele,"Engineer, civil (contracting)",Christopher_Steele67@att.com,"Baxter, Stanley and George",786-607-4882,29
82,Lauren Washington,Unemployed,Lauren_W@gmail.com,Douglas-Weber,748-045-4163,16
83,Judy Orozco,Student,Judy.Orozco@outlook.com,Jefferson-Cooper,128-078-3609,18
84,Danny Ford,"Engineer, land",DFord60@aol.com,Murray LLC,731-868-7220,25
85,Gary Williams,Student,Williams_Gary@outlook.com,"Meyers, Garcia and Cantu",138-335-3561,18
86,Ernest Fuller,Unemployed,Fuller.Ernest@yahoo.com,"Moreno, Campbell and Chen",537-839-4142,17
87,Brooke Hamilton,Chemical engineer,Brooke_H72@comcast.net,"Paul, Baker and Spencer",332-077-0903,23
88,Michael Martinez,Computer games developer,Michael_Martinez@verizon.com,"Soto, Hamilton and Christensen",169-232-0730,28
89,Danielle Massey,"Engineer, structural",DanielleMassey@verizon.com,Pitts-Gonzalez,896-885-5785,28
90,Selena Johnson,Unemployed,Johnson_Selena@xfinity.com,Woods-Fitzgerald,951-497-4683,17
91,Angela Gonzalez,Chemical engineer,Gonzalez_Angela54@outlook.com,Howard-Rogers,279-913-3278,29
92,Mark Clark,Orthoptist,Mark.C@verizon.com,"Watson, Patterson and Murray",452-360-9759,22
93,Haley Gutierrez,Student,Gutierrez.Haley65@outlook.com,Walker-Obrien,629-433-0625,18
94,Mary Martin,Student,MaryMartin@gmail.com,Boyd Ltd,829-096-0013,21
95,Laura Romero,Student,Laura.Romero@aol.com,"Robinson, Acosta and Randolph",649-636-3972,21
96,Kimberly Smith,Student,Kimberly_S@aol.com,"Edwards, Wheeler and Combs",542-606-6721,20
97,Amanda Jackson,Computer games developer,Amanda.Jackson@hotmail.com,Parker-Hobbs,535-805-1881,23
98,Mr. Jeffery Payne,Student,Mr._Payne@yahoo.com,Mitchell-Montoya,396-235-0610,19
99,Kayla Evans,Solicitor,Evans.Kayla16@att.com,Webster-Melendez,228-187-1377,32
100,Meghan Douglas,Unemployed,Douglas_Meghan@outlook.com,Cruz Group,360-912-8173,12
101,Cindy Allen,Tour manager,Cindy.A72@yahoo.com,Bennett Ltd,656-211-2904,22
102,April Zamora,Student,April_Zamora@xfinity.com,Smith-Preston,511-160-1129,21
103,Jason Mason,Dentist,Jason.Mason61@zoho.com,Williamson-Armstrong,720-379-3346,29
104,Danny Douglas,Unemployed,Douglas_Danny@outlook.com,Velez and Sons,279-805-8361,16
105,Rachel Fischer,Student,Rachel.Fischer71@aol.com,Tucker Group,660-232-6682,21
106,Laura Burgess,Barista,Laura_Burgess@outlook.com,"Miranda, Conrad and Oneal",204-995-7304,27
107,Michelle Armstrong,Risk analyst,MArmstrong@outlook.com,"Bruce, Rodriguez and Arnold",688-551-6065,23
108,Cynthia Smith,Graphic designer,CSmith@att.com,"Johnson, Potter and Maxwell",877-501-3977,33
109,Katherine Marshall,Unemployed,Marshall_Katherine@gmail.com,Manning PLC,902-171-0373,3
110,Chris Nichols,Student,Nichols_Chris@xfinity.com,Howell and Sons,797-659-4210,20
111,Lauren Vazquez,Chemical engineer,Lauren_V62@yahoo.com,Murray-Mcdowell,807-867-2366,34
112,Victoria Becker,"Engineer, agricultural",VictoriaBecker@zoho.com,Cohen-Carter,832-366-7449,24
113,Jacob Adams,Unemployed,JacobAdams14@zoho.com,Snyder and Sons,603-402-1557,17
114,Scott Ballard,Air traffic controller,Ballard.Scott@gmail.com,Bailey PLC,761-370-7203,39
115,Dawn Garcia,"Engineer, civil (consulting)",DawnGarcia57@zoho.com,Jones-Harris,692-993-8894,43
116,Scott Norris,Chemical engineer,Norris_Scott79@mail.com,"Wiggins, Short and Sharp",812-940-0883,46
117,Joe Gray,Chemical engineer,Joe.Gray80@zoho.com,"Johnson, Fuller and Harris",548-691-4436,26
118,John Williams,Graphic designer,Williams_John@verizon.com,Peterson-Cummings,187-112-9606,26
119,Claudia Mcdonald,Counsellor,Mcdonald_Claudia@outlook.com,Gonzales-Webb,234-140-4659,27
120,James Williams,Chemical engineer,James.W@yahoo.com,May PLC,572-822-9141,32
121,Kurt Phillips,Student,Kurt.P@zoho.com,Dawson-Smith,414-209-5367,18
122,Jill Garner,Orthoptist,Garner_Jill@zoho.com,Cook-Reed,665-110-8604,39
123,Jennifer Carr,"Doctor, general practice",Jennifer_C48@xfinity.com,Franco-Walker,280-534-7546,27
124,Stacy Farley,Police officer,Stacy.F96@mail.com,"Cobb, Page and Thompson",406-773-2613,24
125,Jasmine Crawford,"Engineer, energy",Jasmine.Crawford@mail.com,"Wilkinson, Fleming and Burch",883-421-0101,25
126,William Hess,IT consultant,William_H@att.com,Miller Group,742-212-3289,31
127,Catherine Lopez,Chemical engineer,Catherine.Lopez@yahoo.com,"Hoover, Morris and Fisher",444-982-5841,26
128,Kelly Gutierrez,Student,KellyGutierrez@verizon.com,Williamson-Mclaughlin,773-834-4123,20
129,Joel Smith,"Engineer, manufacturing",Joel.Smith@protonmail.com,"Nelson, Rangel and Spencer",834-749-7396,30
130,Shelia Johns,Student,Shelia.J@aol.com,Martinez Inc,989-809-0845,20
131,Joshua Herrera,Architect,JHerrera76@mail.com,Sherman Inc,524-813-0159,36
132,Melanie Warren,Chemical engineer,Melanie_W@mail.com,"Ortega, Silva and Krueger",115-148-0418,26
133,Jessica Miller,Unemployed,JMiller@att.com,"Daniel, Murphy and Shah",507-205-4322,7
134,Joanna Li,"Engineer, civil (contracting)",Li_Joanna@gmail.com,Cohen-Davis,551-499-5266,44
135,Samuel Anthony,Unemployed,Samuel.Anthony@zoho.com,Obrien Inc,868-147-4182,13
136,Rodney Lewis,Unemployed,Lewis_Rodney@zoho.com,Morgan-Dean,146-248-7475,16
137,Joseph Ross,Games developer,Ross.Joseph@yahoo.com,"Gonzalez, Jones and Jackson",650-892-8736,32
138,Patricia Mendoza,"Engineer, petroleum",Mendoza_Patricia@gmail.com,Price Ltd,149-562-1588,30
139,William Adams,Chemical engineer,Adams.William82@yandex.com,Salazar-Wall,169-183-1879,44
140,Robert Jones,Unemployed,RobertJones79@gmail.com,"Fisher, Waller and Jennings",238-062-7780,14
141,Brittany Nixon,"Engineer, electronics",Brittany_N@att.com,"Johnson, Mclean and Chen",697-782-8346,35
142,Brittany Bailey,Architect,Bailey.Brittany@outlook.com,Stephens-Fleming,905-439-5443,40
143,Jessica Gardner,Unemployed,Jessica_G@mail.com,Allen-Mitchell,462-566-5948,16
144,Taylor Jones II,Unemployed,Taylor_I@yahoo.com,"Carlson, Burnett and Torres",274-204-7553,3
145,Aaron Mcintyre,Unemployed,Mcintyre.Aaron@aol.com,Phillips-Scott,911-295-7056,14
146,Jason Hill,Student,Jason.Hill@gmail.com,Miller Ltd,694-486-0988,20
147,Nicole Parker,"Doctor, general practice",Nicole.P@xfinity.com,Hawkins-Rojas,772-939-2941,24
148,Paul Brown,Student,PBrown@yandex.com,"Frederick, Foley and Gillespie",147-239-4580,20
149,David Barrera,"Engineer, civil (consulting)",David_Barrera@protonmail.com,Martinez-Thornton,335-067-5536,30
150,Parker Jones,Unemployed,Jones_Parker@hotmail.com,Ford PLC,168-169-3087,16
151,Daniel Shaw,Unemployed,Daniel.Shaw98@verizon.com,"Walker, Smith and Freeman",555-626-4152,11
152,Holly Simmons,Chemical engineer,Holly_Simmons@protonmail.com,"Oconnor, Montgomery and Green",321-391-9214,27
153,Victor Burns,"Engineer, water",Burns.Victor54@yahoo.com,"Blankenship, Riley and Davis",750-167-9789,42
154,Steven Mcfarland DDS,Unemployed,Steven_D69@verizon.com,Colon-Bell,153-162-8331,6
155,Morgan Rose,Student,Rose.Morgan@yandex.com,Cuevas Group,492-544-8926,20
156,Courtney Miller,Unemployed,Courtney.M@protonmail.com,Wood and Sons,320-958-2535,10
157,Maria Jarvis,Unemployed,Maria_J@verizon.com,Burke-Kim,784-494-2528,9
158,Ronald Hoffman,"Engineer, drilling",Ronald_H@verizon.com,Villarreal-Spears,895-068-5363,44
159,Jason Daniels,"Engineer, aeronautical",Jason.D@mail.com,Burton and Sons,416-104-9515,25
160,Joseph Jackson,"Engineer, petroleum",Joseph.J@gmail.com,Bush-Swanson,774-052-2265,31
161,Paula Blevins,Chemical engineer,PBlevins@verizon.com,Wheeler-Welch,334-845-4729,28
162,Andrew Parks,"Engineer, electrical",Parks.Andrew58@verizon.com,"Watson, Blevins and Nguyen",202-269-6160,25
163,Philip Taylor,"Engineer, manufacturing systems",Taylor_Philip@att.com,"Bishop, Hatfield and West",426-113-1284,29
164,Justin Chang,"Engineer, building services",Justin_C62@protonmail.com,Arias PLC,398-425-0560,38
165,Benjamin Howe,Dentist,Benjamin.Howe74@mail.com,Atkinson Ltd,362-072-7439,24
166,Derek Thomas,Solicitor,Thomas.Derek@mail.com,"Davis, White and Lee",512-153-6247,41
167,Rita Holland,Unemployed,Rita.Holland@comcast.net,Lawson-Graham,270-189-7614,0
168,Lisa Hale,Student,Lisa_H@xfinity.com,"Watson, Mitchell and Russell",834-719-0286,21
169,Brandy Wilson,Air traffic controller,Brandy.Wilson@yahoo.com,Cooper LLC,982-322-4321,39
170,Mrs. Maria Paul DVM,Student,Mrs._DVM@yandex.com,Sanchez-Bowman,452-331-5798,20
171,Jason Carson,"Engineer, building services",Carson.Jason@comcast.net,Gutierrez LLC,681-245-8366,25
172,Shari Barnett,Unemployed,Barnett_Shari@gmail.com,Romero and Sons,914-702-5632,9
173,Justin Stephens,Student,Justin.Stephens@xfinity.com,Hudson and Sons,572-196-8716,20
174,Julie Dunn,Unemployed,Dunn.Julie@xfinity.com,"Collier, Blankenship and Wolfe",467-978-6513,7
175,Sherri Nunez,"Engineer, communications",Sherri.Nunez@att.com,Fisher Ltd,846-549-9186,33
176,Eric Arellano,Chemical engineer,Eric.A@outlook.com,"Murray, Crane and Pena",504-283-2079,26
177,Amanda Rodriguez,Chemical engineer,Amanda_R@aol.com,Wood-Little,475-720-2414,44
178,Laura Roach,"Engineer, civil (consulting)",Roach_Laura48@verizon.com,Miller Group,847-285-9891,23
179,William Davis,Chemical engineer,William_D@mail.com,Pruitt Ltd,833-026-2499,28
180,Nicholas Leonard,"Engineer, petroleum",NLeonard14@protonmail.com,"Hoffman, Gordon and Estrada",335-350-2246,37
181,Luis Archer,"Engineer, structural",Luis.Archer@verizon.com,Brooks-Hines,962-175-4522,26
182,Lori Houston,Unemployed,Houston.Lori@hotmail.com,Campbell Inc,451-303-8063,12
183,Jaime Bradley,Student,Bradley.Jaime@mail.com,"Bryant, Monroe and Hansen",683-291-4579,20
184,Billy Campbell,Unemployed,BCampbell@aol.com,"Hubbard, Stein and Wheeler",632-190-8720,14
185,Bonnie Ochoa,Student,Bonnie.Ochoa@xfinity.com,Evans-Woods,986-123-2986,18
186,Raymond Rodriguez,Hotel manager,RRodriguez@protonmail.com,Ball-Clark,266-766-1424,30
187,Charlotte Clark,"Engineer, control and instrumentation",Charlotte_C@verizon.com,"Allen, Lin and Bradley",564-723-1833,40
188,Howard Reed,"Engineer, manufacturing systems",Howard.R64@gmail.com,Williams-Vazquez,150-369-6529,27
189,Randy Adams,Actuary,Randy_Adams@outlook.com,Glover-Foley,961-168-1796,25
190,Monica Krueger,Electrical engineer,Monica.Krueger@outlook.com,Waters LLC,375-129-5627,49
191,Robin Garner,Student,Robin_G@protonmail.com,Barajas-Anderson,769-746-0130,20
192,James Martinez,Chemical engineer,James.Martinez@comcast.net,"Johnston, Tanner and Cunningham",523-550-8948,27
193,Cassie Anderson,Unemployed,Anderson.Cassie@comcast.net,Blanchard and Sons,907-877-5439,11
194,Kimberly Brown,"Engineer, biomedical",Kimberly_B@yahoo.com,Wilson-Davis,503-427-8670,27
195,Miguel Martin,Student,MMartin@xfinity.com,"Klein, Smith and Barber",509-518-2240,19
196,Caleb Bowman,"Engineer, biomedical",Caleb.Bowman42@verizon.com,Walker and Sons,676-209-8409,31
197,Richard Lowe,"Engineer, structural",Richard_L@zoho.com,"Mack, Brown and Powell",933-684-0650,30
198,John Moran,Unemployed,John.Moran@yahoo.com,Davis and Sons,417-476-5566,9
199,Shannon Dunlap,Dentist,Shannon.D@aol.com,"Armstrong, Parker and Martin",106-820-9910,33
200,Mrs. Diane Johnson DDS,Unemployed,Mrs._DDS@xfinity.com,"Garrison, Owens and Evans",784-820-9063,6
201,Nicholas Green,Air traffic controller,Nicholas.G@mail.com,"Sullivan, King and Bailey",798-149-3237,30
202,Adrian Aguilar,Unemployed,Adrian_A@protonmail.com,Parker PLC,504-961-9686,1
203,Jeremiah Cole,Student,Jeremiah.C@outlook.com,"Riddle, Benson and Crawford",990-489-7137,18
204,Michael Blackwell,Unemployed,Blackwell_Michael89@gmail.com,Wilson-Arellano,385-507-1429,-3
205,Laura Stone,"Engineer, broadcasting (operations)",Laura_S@outlook.com,Holland-Thomas,129-532-4957,45
206,James Smith,Actor,JSmith@verizon.com,Garcia-Walters,626-480-7007,31
207,Angela Wood,Barista,Angela.W@hotmail.com,Davis and Sons,271-796-6739,22
208,Miguel Walker,Student,Miguel.Walker@yahoo.com,Walsh-Reid,120-850-4008,21
209,Ashley Price,Student,Ashley_P20@yahoo.com,Warren-Jones,677-357-9980,21
210,Martin Mata,Student,MartinMata@yahoo.com,Cabrera LLC,549-303-6381,20
211,Edwin Yang,Police officer,Yang_Edwin86@verizon.com,"Mitchell, Thompson and Ruiz",305-332-9593,24
212,Matthew Hawkins,Games developer,Matthew_H33@xfinity.com,"White, Hall and Morgan",877-673-1620,24
213,Ian Smith,Tour manager,Ian_Smith@aol.com,"White, Wang and Cobb",191-800-8457,26
214,Tina Edwards,"Engineer, drilling",Tina.Edwards80@gmail.com,Reilly and Sons,894-827-8567,38
215,Barbara Conner,"Engineer, agricultural",BarbaraConner@zoho.com,Marks Inc,570-820-1395,39
216,Joseph Hunt,Orthoptist,Joseph_Hunt@protonmail.com,Larsen Inc,907-282-2062,26
217,Travis Johnson,"Engineer, technical sales",Johnson_Travis@zoho.com,"Mitchell, Paul and Cook",223-504-1472,24
218,Deborah Ayers,Fashion designer,DeborahAyers59@mail.com,Knight Inc,645-555-9999,30
219,Doris Oliver,"Engineer, aeronautical",DorisOliver@gmail.com,Sandoval-Wade,312-191-3186,29
220,Carrie Smith,"Engineer, aeronautical",Carrie.Smith@comcast.net,Lutz Group,822-421-4292,26
221,Olivia Wilson,"Engineer, petroleum",Wilson.Olivia@mail.com,Miller Group,982-134-3041,40
222,Angela Morales,"Engineer, biomedical",AngelaMorales@gmail.com,Perez-Woods,485-445-2665,33
223,Linda Dixon,Chemical engineer,Linda_Dixon@zoho.com,"Boyd, Fisher and Gonzalez",246-017-4207,33
224,Kristina Chang,"Engineer, control and instrumentation",Kristina_Chang@xfinity.com,"Owens, Huber and Gonzalez",101-704-5144,36
225,Miss Jennifer Cunningham,Unemployed,Miss.C@xfinity.com,"Edwards, Martin and Case",112-683-0231,16
226,Adam Ward,Police officer,Ward_Adam@yahoo.com,Soto-Hobbs,877-739-8417,28
227,Janet Rivers,"Engineer, mining",Janet_R@yandex.com,"Thompson, Valdez and Diaz",804-428-7895,22
228,Charles Smith,"Engineer, energy",Smith_Charles@aol.com,"Jacobs, Perez and Barrett",848-661-2470,32
229,Lori Massey,Computer games developer,Lori_M@xfinity.com,Berger and Sons,855-010-1857,36
230,Rhonda Moon,Chemical engineer,Rhonda_Moon@zoho.com,Kent LLC,233-270-4887,35
231,Shawn Smith,Police officer,Shawn.S@att.com,"Roy, Peters and Jimenez",494-035-3520,27
232,Brian Ochoa,Unemployed,Brian.Ochoa40@att.com,"Hughes, Hernandez and Thompson",500-183-4583,-1
233,Madison Hancock,Student,Madison.Hancock@verizon.com,Gordon Inc,690-087-7498,20
234,Dale Rogers,Unemployed,DRogers86@gmail.com,Allen-Tapia,534-001-0222,12
235,Earl Romero,Orthoptist,Earl.Romero@yandex.com,Wise Ltd,607-022-0196,34
236,Rachel Robinson,Risk analyst,Rachel.R@verizon.com,Meza Group,608-275-4234,32
237,Terry Williams,Orthoptist,Terry.W@zoho.com,"Simpson, Ruiz and Frazier",630-339-9195,28
238,Michael Orr,"Engineer, control and instrumentation",Orr_Michael@protonmail.com,Green-Burnett,448-065-5550,29
239,Stacy Flores,"Engineer, control and instrumentation",SFlores66@verizon.com,"Lowe, Blevins and Stephens",925-289-7257,35
240,Carrie Schmidt,Psychiatrist,Schmidt.Carrie66@verizon.com,Lucas Ltd,497-555-4169,30
241,Andrew Roberts,"Doctor, general practice",Andrew_Roberts@zoho.com,"Williams, Martinez and Davis",733-741-4191,40
242,Steven Hall,Barrister,Steven_H@mail.com,Johnson-Mcneil,442-718-6339,32
243,Jessica Walker,Unemployed,Walker.Jessica51@hotmail.com,Harris Group,938-381-8501,5
244,April Brown,Tour manager,April_Brown@protonmail.com,"Davis, Garrison and Mason",936-082-8659,27
245,Tracy Hunter,"Engineer, land",Tracy_H31@zoho.com,"Stewart, Evans and George",550-643-9769,27
246,Brent Romero,Unemployed,Brent.R@aol.com,"Yates, Chambers and Jones",969-600-4397,-5
247,Ryan Hubbard,Computer games developer,Ryan_H@protonmail.com,"Long, Campbell and Thornton",817-477-5736,33
248,Christopher Shaffer,Computer games developer,Shaffer_Christopher@zoho.com,West and Sons,439-740-9933,26
249,Lacey Phillips,Unemployed,LaceyPhillips@att.com,"Mcguire, Gonzales and Martin",384-855-4277,15
250,Steven Saunders,Chemical engineer,SSaunders@xfinity.com,"Wright, Burke and Spencer",867-727-5351,23
251,Cheryl Kelly,Dentist,CKelly@xfinity.com,Taylor-Hubbard,722-618-6237,27
252,Carol Welch,Barista,Carol.Welch@outlook.com,Fletcher-Beasley,958-522-6196,36
253,Anthony Smith,"Engineer, drilling",Anthony_S@comcast.net,Jones Ltd,111-858-3157,34
254,David Roach,Hotel manager,David_Roach93@mail.com,Alvarez Ltd,284-024-0845,31
255,Lori Parker,Graphic designer,Parker_Lori@yandex.com,"Gonzalez, Buckley and Kramer",227-835-8042,55
256,Kevin Flores,"Engineer, civil (contracting)",KevinFlores@aol.com,Holmes-Barton,389-384-3519,48
257,Troy Perkins,Chemical engineer,Perkins_Troy@comcast.net,Jordan-Perry,792-625-0757,24
258,John Peterson,Chemical engineer,John_P@verizon.com,"Clayton, Miles and Walter",112-580-8897,29
259,Mia Jefferson,"Engineer, civil (contracting)",Mia.Jefferson84@yandex.com,Carr PLC,973-924-2778,22
260,Lindsay Patel,Unemployed,LindsayPatel@comcast.net,"Gonzalez, Smith and Hodge",571-763-8224,17
261,Chad Allison,Dentist,ChadAllison@outlook.com,"Jensen, Boyle and Blake",251-973-6803,26
262,Matthew Bowen,Actor,Matthew_Bowen88@aol.com,"Stevenson, Sanchez and Schultz",771-327-0928,28
263,Michael Ruiz,"Engineer, technical sales",Ruiz.Michael60@aol.com,"Lin, Davis and Carr",259-820-2766,40
264,Brian Burns,Psychiatrist,Brian.B@mail.com,"Prince, Wilson and Brown",600-723-1458,33
265,Kristen Sloan,Unemployed,Kristen.Sloan@gmail.com,"Friedman, Clayton and Williams",267-025-5858,15
266,Jacob Turner,Unemployed,Turner_Jacob27@verizon.com,Smith Ltd,434-015-7809,5
267,Julie Williams,Unemployed,Julie.W@hotmail.com,"Sherman, Pratt and Riley",911-870-5849,12
268,Lisa Klein,Unemployed,Lisa.K@yahoo.com,Hall Group,663-263-5713,17
269,Emma Henderson,Unemployed,EmmaHenderson53@zoho.com,Ryan Group,138-102-1115,10
270,Mrs. Monique Nelson MD,Unemployed,Mrs..M@zoho.com,"Fields, Berger and Gibson",257-377-7618,10
271,Chase Roberson,Chemical engineer,Chase.R@comcast.net,Jackson-Cooke,644-544-1309,32
272,Mandy Strickland,"Engineer, broadcasting (operations)",Mandy.S@att.com,Guzman-Coleman,324-135-3508,27
273,Lisa Edwards,Unemployed,Edwards.Lisa@comcast.net,Kelly Inc,908-636-0957,16
274,Danielle Hanson,Unemployed,Hanson_Danielle@aol.com,"Burns, Pearson and Rodriguez",461-803-1752,17
275,Caroline Maddox,Unemployed,Caroline_M@mail.com,Walker PLC,309-407-0064,11
276,Jonathan Garza,Barista,Jonathan.G99@zoho.com,"Hancock, Jimenez and Williams",334-544-4040,29
277,Jessica Foster,Graphic designer,JessicaFoster@yahoo.com,Torres Group,261-573-4701,30
278,Linda Jimenez,Chemical engineer,Linda.Jimenez16@hotmail.com,Jones PLC,300-557-9838,27
279,Curtis Brown,Air traffic controller,Curtis_B@outlook.com,"Donovan, Rios and Rivas",205-615-0492,39
280,Kathleen Bennett,Architect,Kathleen_Bennett60@xfinity.com,Obrien-Collins,138-337-9140,24
281,Thomas Diaz,"Engineer, petroleum",TDiaz@mail.com,Brown Inc,754-928-7648,40
282,Christopher Hawkins,"Engineer, land",ChristopherHawkins53@aol.com,Chambers PLC,556-291-0916,27
283,Kevin Martin,Unemployed,Kevin_M@aol.com,Hernandez Ltd,965-808-1634,13
284,Jeremiah Hart,"Engineer, civil (consulting)",Jeremiah.Hart35@gmail.com,Henderson-Smith,284-831-4233,27
285,Stephen Crawford,Banker,Stephen.Crawford@gmail.com,Rogers PLC,745-406-7706,28
286,Amanda Crawford,Solicitor,Amanda_C@outlook.com,"Wheeler, Carlson and Joseph",849-890-4426,27
287,Ashley Harris,Unemployed,Ashley.Harris@comcast.net,Mcdaniel-Ritter,334-656-0219,0
288,Anthony Wang,"Engineer, site",AWang@yahoo.com,Pugh PLC,694-221-5728,38
289,William Scott,Unemployed,Scott.William@att.com,"Lang, Davis and Watts",212-417-0859,16
290,Douglas Lee,Dentist,Douglas.L@zoho.com,Barnes PLC,186-279-6375,43
291,Michael Flowers,"Engineer, water",Michael_Flowers@xfinity.com,Martinez-Burnett,389-710-1605,24
292,Cameron Harris,"Engineer, communications",Cameron.Harris@zoho.com,Adams-Shaw,880-703-7404,25
293,Herbert Hall,Unemployed,Hall.Herbert@mail.com,Romero and Sons,361-268-8207,13
294,Julie Willis,Unemployed,Julie.W@aol.com,Banks-Watkins,717-260-9176,15
295,Tracy Roach,Student,Roach_Tracy73@xfinity.com,Martin and Sons,447-284-1505,21
296,Madison Glover,Unemployed,MadisonGlover@protonmail.com,Whitney and Sons,364-220-7127,16
297,Roger Maldonado,Chemical engineer,Roger.Maldonado82@att.com,Dyer-Thomas,997-837-0818,25
298,Diane Miles,Nurse,Diane_M@yahoo.com,"Juarez, Kent and Williams",469-254-7392,30
299,Danielle Curry,Hotel manager,Danielle_C@yahoo.com,"Young, Wade and Henderson",545-759-5259,40
300,Michelle Lawrence,Student,Michelle.Lawrence@gmail.com,Santana-Robinson,735-206-8091,19
301,Jennifer Jordan,Student,Jordan_Jennifer@mail.com,Brooks Inc,392-854-5005,19
302,Kathryn Stuart,Unemployed,Stuart_Kathryn45@verizon.com,"Gonzalez, Harvey and Garcia",410-137-8124,17
303,Gabrielle Lopez,Student,Lopez_Gabrielle@comcast.net,Glenn and Sons,871-908-7746,18
304,Bryce Jenkins,Police officer,Bryce_J@yandex.com,Vasquez Group,711-152-7102,35
305,Shannon Summers,Chemical engineer,Summers.Shannon32@gmail.com,"Stevenson, Silva and King",812-301-1407,25
306,David Powell,Surgeon,DavidPowell@comcast.net,Lambert-Moore,671-003-9631,27
307,Matthew Woodard,Student,Woodard.Matthew@aol.com,"Moore, Hale and Robertson",177-360-8083,20
308,Jessica Mccarthy,"Engineer, mining",Jessica_M68@comcast.net,Rivas-Nelson,884-473-0523,31
309,Felicia Lin,Unemployed,Felicia.L@att.com,Brown PLC,386-243-3313,12
310,Terry Thomas,Student,Terry.T@outlook.com,Patton-Harris,673-138-1886,20
311,Kelsey Lawrence,Student,Lawrence.Kelsey@xfinity.com,"Bryant, Short and Velasquez",885-064-9637,18
312,Erica Brown,Unemployed,Erica_Brown@protonmail.com,Small-Cruz,593-605-8798,17
313,Stephen Thomas,Administrator,Stephen.Thomas@xfinity.com,Johnson-Coleman,119-023-7127,29
314,Bruce Ochoa,Risk analyst,Bruce_O22@mail.com,"Stewart, Johnson and Torres",441-759-8373,25
315,Michelle Sullivan,Unemployed,Sullivan_Michelle89@yandex.com,Benson-Rodgers,601-840-9851,16
316,Dr. Jack Pennington,Barista,DPennington@xfinity.com,Doyle and Sons,244-900-6542,32
317,David Wagner,Chemical engineer,DWagner95@gmail.com,"Thompson, Miller and Gill",735-014-6863,34
318,Darlene Miranda,Editor,Miranda_Darlene12@att.com,"Price, Townsend and Chen",151-966-7253,47
319,Suzanne Heath,Unemployed,Heath_Suzanne30@comcast.net,Chang Inc,291-668-1698,9
320,George Jennings,Student,George_J44@mail.com,"Gallagher, Taylor and George",178-967-1316,18
321,Jonathan Shepherd,Unemployed,Shepherd_Jonathan@outlook.com,Keller Inc,500-782-7773,16
322,Thomas Nguyen,Psychiatrist,Thomas_Nguyen84@mail.com,"Jordan, James and Duran",312-809-9925,35
323,Michael Jones,"Doctor, general practice",MichaelJones@yahoo.com,Buchanan-Stout,517-409-7957,35
324,Ruth Martinez,Computer games developer,Ruth_M@gmail.com,"Kaufman, Ballard and King",292-468-7945,26
325,Diana Barrett,Banker,Diana_Barrett@gmail.com,Huffman-Ortiz,396-328-9399,25
326,Kimberly Delgado,Unemployed,Delgado.Kimberly@zoho.com,Maxwell Group,625-182-6213,1
327,Christy Smith,"Engineer, broadcasting (operations)",Smith_Christy49@outlook.com,Sheppard Group,357-355-9288,26
328,Carlos Rogers,Student,Rogers_Carlos@yahoo.com,"Williams, Richmond and Perez",195-713-8486,19
329,Michele Guerrero DDS,Chemical engineer,Michele_DDS@hotmail.com,"Francis, Brown and Clark",986-941-4368,27
330,Jeffery Werner,Chemical engineer,Jeffery_Werner@aol.com,Deleon-Reed,408-974-2032,34
331,Susan Bass,"Engineer, mining",SBass@att.com,Phillips PLC,107-200-1833,24
332,Corey Ferguson,Student,Ferguson_Corey@mail.com,Mcmahon and Sons,958-447-5624,20
333,Carla Marshall,Student,Carla_M@comcast.net,Snow and Sons,983-683-8756,19
334,Madison Powell,Unemployed,MadisonPowell89@gmail.com,"Butler, Daniel and Gray",670-490-2202,-12
335,Emily Williams,Unemployed,Williams.Emily@yandex.com,Gonzalez-Martin,720-016-5184,17
336,Matthew Scott,Chemical engineer,MScott17@xfinity.com,Krause-Hernandez,899-393-5732,24
337,Kristen Higgins,Banker,Kristen.Higgins@gmail.com,Elliott-Washington,823-395-4677,31
338,Mark Contreras,Chemical engineer,Mark.C@yahoo.com,"Santana, Moore and Murphy",471-125-7177,28
339,Teresa Lawson,Fashion designer,Teresa.Lawson@att.com,Wilson LLC,499-232-2908,29
340,Michael White,Architect,Michael.W@gmail.com,Dean-White,699-488-6497,34
341,Karen George,Unemployed,KarenGeorge57@aol.com,Delgado Inc,122-033-5971,16
342,Christopher Vang,Orthoptist,Vang.Christopher64@yandex.com,Hawkins-Garza,448-707-5760,33
343,Vernon Miller,Unemployed,Vernon.M@yahoo.com,"House, Weaver and Holmes",633-233-4127,2
344,Christopher Nash,Games developer,Christopher.N91@att.com,Burton-Contreras,327-134-2258,23
345,Elaine Scott,Risk analyst,Scott.Elaine94@att.com,Martin and Sons,143-964-9261,35
346,Kelly Smith,Unemployed,Kelly_S11@hotmail.com,Adams-Williams,730-190-3182,11
347,Damon Cooper,"Engineer, technical sales",DamonCooper32@att.com,"Horton, Evans and Martinez",997-085-9100,25
348,Elizabeth Ryan,"Engineer, materials",ERyan@mail.com,Mendez-Ayers,367-248-6308,22
349,Kim Miles,Unemployed,KimMiles89@comcast.net,Clark-Rivera,904-467-9892,16
350,Mackenzie Riggs,Solicitor,Mackenzie_R56@yahoo.com,Velez Inc,314-761-2711,31
351,George Woods,Unemployed,George.W@yandex.com,"Clayton, Wheeler and Ellis",717-243-0154,16
352,Kimberly Dominguez,Student,Dominguez.Kimberly@yandex.com,"Hernandez, Miller and White",357-962-9059,21
353,Nicholas Marquez,Unemployed,Marquez_Nicholas@verizon.com,Thornton-Osborn,784-831-9470,14
354,Nicholas Jones,Barrister,NicholasJones@yahoo.com,Morgan Group,541-153-3698,27
355,Richard Mendoza,Student,Richard_Mendoza92@yandex.com,"Arnold, Haney and Dennis",703-163-5822,19
356,Eric Hubbard,Unemployed,Eric.H@outlook.com,"Fitzgerald, Miller and Gomez",747-503-5185,14
357,Lori Smith,Counsellor,Lori_Smith@hotmail.com,"Wright, Kelly and Brooks",267-894-2653,39
358,Katherine Fitzgerald,Student,Katherine_F@yahoo.com,Medina-Tran,746-622-1278,21
359,Victoria Scott,IT consultant,Scott_Victoria@outlook.com,Sanchez-Bullock,471-608-7801,35
360,Kim Harrell,"Engineer, petroleum",Kim_H@verizon.com,Elliott-Dunn,871-433-1609,31
361,Mallory Oconnor,Fashion designer,Oconnor_Mallory@gmail.com,Joseph LLC,796-259-2559,31
362,Austin Livingston,Student,Austin_L43@gmail.com,"Suarez, Bailey and Jenkins",960-566-8314,20
363,Cameron Gordon,Air traffic controller,Gordon_Cameron@att.com,Hill LLC,339-420-7744,24
364,Matthew Crawford,Student,MCrawford@hotmail.com,Smith LLC,237-107-1004,21
365,Erin Mccullough,"Engineer, technical sales",Mccullough.Erin@yandex.com,"Gardner, Scott and Swanson",462-689-9047,30
366,Anthony Green,"Engineer, aeronautical",Green.Anthony69@comcast.net,Juarez and Sons,308-439-7251,42
367,Thomas Gordon,Architect,Thomas_Gordon@hotmail.com,Rodgers Inc,998-078-4110,22
368,Ryan Santana,Unemployed,Santana.Ryan95@comcast.net,"Johnson, Velazquez and Miller",291-127-8585,16
369,Roger Beasley,Unemployed,Beasley.Roger@yandex.com,Moore Inc,216-755-4959,14
370,Gregory Perkins MD,Risk analyst,GregoryMD@verizon.com,"West, Howard and Wheeler",478-229-3631,32
371,David Simmons,Chemical engineer,DSimmons@hotmail.com,"Walters, Kelley and Moore",477-506-0977,36
372,Jacob Perry,Orthoptist,JPerry@mail.com,Mcdaniel Ltd,169-345-5634,27
373,Jordan Smith,Student,Smith_Jordan@aol.com,Fields-Jacobs,566-074-7836,18
374,Paul Rowe,Solicitor,Paul_R@yahoo.com,Armstrong-Murphy,245-480-9516,29
375,Lynn Lawrence,Unemployed,Lynn.Lawrence@outlook.com,Vincent-Salazar,755-840-6502,13
376,Joshua Potts,Unemployed,Joshua.P70@verizon.com,Ruiz-Briggs,688-908-8390,15
377,Joanna Armstrong,Student,Joanna.A@yahoo.com,"Gibson, Rogers and Ross",129-610-7304,19
378,Michael Jones,Unemployed,Michael_Jones@yandex.com,Melendez PLC,490-206-7393,15
379,Michael Savage,Chemical engineer,Savage.Michael@gmail.com,Weber-Nelson,942-190-8460,29
380,Christina Bowman,Unemployed,CBowman69@hotmail.com,"Freeman, Hayden and Conner",140-420-2744,17
381,Robert Flores,Student,Robert_Flores@yahoo.com,Smith PLC,192-462-9886,20
382,James Krause,Unemployed,James_K@outlook.com,"Conway, Moss and Peters",594-796-2645,14
383,Briana Avila,Unemployed,Briana_Avila@mail.com,"Griffin, Sanchez and Thompson",241-297-0330,11
384,Amy Decker,Unemployed,Amy_D70@yahoo.com,Lopez-King,915-620-3420,13
385,Laura Brown,"Engineer, control and instrumentation",Laura.B@aol.com,"Ochoa, Davis and Tran",364-362-5275,41
386,Peter Rivas,"Engineer, site",Peter_Rivas@protonmail.com,Martinez-Porter,553-516-9157,24
387,Samuel Dean,Chemical engineer,Dean_Samuel@aol.com,"Ellis, Warren and Nelson",370-478-5752,41
388,Michael Davis,Student,MichaelDavis@xfinity.com,"Padilla, Ward and Collier",602-822-1587,21
389,Omar Martinez,Editor,Omar_M68@att.com,"Williams, Wright and Anderson",748-209-0243,25
390,Christian Johnson,Chemical engineer,Johnson.Christian@yahoo.com,Murphy-Morris,767-430-6144,25
391,Kelly Chen,Unemployed,KellyChen55@outlook.com,Barajas-Powell,285-740-1532,15
392,Zachary Wilson,Hotel manager,Zachary.W32@hotmail.com,Scott-Padilla,789-099-9220,32
393,Dawn Montgomery,Nurse,Dawn.M@att.com,Hill-Banks,140-030-6082,32
394,Stephanie Meyer,"Engineer, materials",Meyer_Stephanie@hotmail.com,Parker and Sons,339-106-4157,38
395,Bonnie Flores,Unemployed,BFlores86@yandex.com,Cooper PLC,364-426-4451,14
396,Nathaniel Herman,Unemployed,Herman_Nathaniel@comcast.net,Doyle Group,814-832-7624,17
397,Vanessa Anderson,Administrator,Anderson.Vanessa@zoho.com,"Gutierrez, Cunningham and Hayes",709-449-1445,29
398,Richard Butler,"Engineer, broadcasting (operations)",Richard_B@gmail.com,"Jackson, Kennedy and Wright",717-387-0108,41
399,Dana Johnson,Actuary,Dana.Johnson@xfinity.com,Oliver-Ramirez,238-875-4410,33
400,Tony Lee,Administrator,Lee.Tony29@protonmail.com,"Tucker, West and Williams",954-283-9997,25
401,Michael Wallace,"Engineer, automotive",MWallace66@xfinity.com,Sanchez-Miller,408-218-5336,33
402,Beth Rose,Chemical engineer,Beth.R@outlook.com,Ray-Lyons,777-096-6834,45
403,Dana Hernandez,Student,Hernandez.Dana@verizon.com,Long and Sons,943-097-4778,18
404,Ryan Moyer,"Engineer, manufacturing",Moyer.Ryan@comcast.net,Robinson Inc,162-159-0813,33
405,Larry Lopez,"Engineer, energy",Lopez_Larry73@hotmail.com,Montgomery LLC,978-023-2917,24
406,Jill Huang,Student,Jill.Huang@att.com,"Cervantes, Rhodes and Guerrero",730-807-3862,19
407,Christina Drake,Student,Christina_Drake31@zoho.com,"Richards, Castro and Garcia",732-289-8048,18
408,Chad Gregory,Games developer,ChadGregory@outlook.com,"Gordon, Stevenson and Arnold",898-960-3744,22
409,Jason Hudson,Tour manager,Hudson_Jason@yandex.com,"Munoz, Cruz and Keller",680-335-4729,32
410,Christopher Davis,Student,Christopher_D50@outlook.com,"Clarke, Skinner and Maynard",626-964-5286,20
411,Tammy Clark,Hotel manager,Clark.Tammy@yandex.com,"White, Roman and Barnes",601-721-9893,26
412,Russell Mendoza,Student,Russell.Mendoza@verizon.com,Anderson-Case,911-686-7894,21
413,Tracy Bowman,Chemical engineer,Bowman_Tracy34@gmail.com,"Myers, Carpenter and Santana",989-274-6235,32
414,Kelly Taylor,Unemployed,Kelly_T@comcast.net,"Moore, Long and Arellano",409-049-8911,11
415,Rhonda Dodson,Games developer,RhondaDodson@comcast.net,Bailey LLC,383-554-2937,32
416,Taylor Parker,Chemical engineer,TParker60@hotmail.com,Mcdonald-Johnson,109-812-0619,32
417,Christy Adkins,Unemployed,Christy.A@protonmail.com,Rivera-Patterson,239-576-7387,1
418,Natalie Jones,Surgeon,NJones73@xfinity.com,Campos-Thompson,319-250-2014,39
419,Paul Medina,Unemployed,Medina_Paul@mail.com,James-Carpenter,453-824-3513,16
420,Tonya Diaz,Administrator,Tonya_D@yandex.com,Davis Ltd,276-516-4159,33
421,Zachary Ruiz,Chemical engineer,Zachary_R71@comcast.net,"Medina, Reeves and Koch",702-509-0393,31
422,James Wells,Solicitor,James.W@gmail.com,Mooney Ltd,259-896-8077,27
423,Megan Rodriguez,Unemployed,Megan.Rodriguez@zoho.com,"Chavez, Nelson and Tate",557-728-2920,10
424,Jonathan Williams,"Engineer, agricultural",JonathanWilliams@zoho.com,"Vincent, Kim and Mendoza",103-607-0046,24
425,Ebony Meadows DVM,Chemical engineer,Ebony.D63@yandex.com,Allen-Ray,434-421-9085,24
426,Brandon Williams,Chemical engineer,Brandon_Williams@yandex.com,Hall Ltd,791-535-7624,24
427,Theresa Obrien,Unemployed,TheresaObrien@hotmail.com,Mccann-Choi,616-120-5145,15
428,Scott Hopkins,Editor,Hopkins.Scott64@protonmail.com,"Blake, Flores and Ward",564-801-3173,24
429,Spencer Daniel,"Engineer, maintenance (IT)",Spencer_Daniel@att.com,Murray-Johnson,236-720-4835,23
430,George Castro,Unemployed,Castro.George@aol.com,Ortega-Nichols,634-386-4299,13
431,Seth Hill,"Engineer, energy",Seth.Hill@xfinity.com,"Reed, Rodriguez and Robles",901-809-9294,28
432,Alexis Riddle,"Engineer, mining",Alexis.Riddle@hotmail.com,Ramirez LLC,838-625-2101,24
433,Erika Duncan,"Engineer, energy",Duncan_Erika@zoho.com,Pearson-Snyder,536-969-6143,30
434,Pamela Navarro,"Engineer, agricultural",PamelaNavarro@att.com,Schmidt PLC,514-387-3950,29
435,Justin Schaefer,Unemployed,Justin.S@gmail.com,"Smith, Montgomery and Brown",949-316-1797,16
436,Norma Harris,Unemployed,Norma_H@att.com,Miller PLC,552-177-0605,12
437,Nichole Davis,Police officer,NicholeDavis@aol.com,Carroll PLC,468-876-1505,28
438,Jessica Campbell,"Engineer, mining",JessicaCampbell@aol.com,Hicks and Sons,448-582-9648,32
439,Carl Johnston,Chemical engineer,Carl_J57@att.com,"Watkins, Robertson and Washington",459-370-3723,27
440,Julie Anderson,Unemployed,JulieAnderson@comcast.net,"Carter, Leon and Cortez",734-370-3745,9
441,Scott Lang,Student,Lang_Scott@hotmail.com,"Lee, Daniel and Nelson",560-371-8569,20
442,Dustin Jacobs,Student,DustinJacobs72@hotmail.com,Patel-Walker,466-026-1767,21
443,Jerry Swanson,Chemical engineer,Swanson.Jerry@yandex.com,"Johnson, Rogers and Patterson",890-683-2563,37
444,Carmen Clark,Student,CarmenClark@xfinity.com,Joyce-Mccarty,699-429-6725,20
445,Maria Young,"Engineer, structural",Maria_Young@mail.com,Baker-Wu,397-628-3361,46
446,Lauren Morris,Airline pilot,LMorris@mail.com,Nunez-Summers,668-881-3496,36
447,Nicole Valenzuela,"Engineer, control and instrumentation",Valenzuela.Nicole26@zoho.com,Cohen Group,446-757-1767,31
448,Shannon Martinez,Fashion designer,Shannon_M@xfinity.com,Sanders-Munoz,302-640-8349,22
449,Jason Neal,Nurse,JNeal@mail.com,Simpson and Sons,274-069-1029,29
450,Gloria Reynolds,"Engineer, civil (contracting)",Gloria.R@att.com,Gentry-Hester,177-386-7453,25
451,Lisa Ramirez,Psychiatrist,Lisa.R@hotmail.com,Smith-Torres,769-715-9280,28
452,Jennifer Brown,Unemployed,JenniferBrown15@att.com,Ramirez LLC,927-996-5641,16
453,Sandra Pierce,"Engineer, water",Sandra_Pierce99@zoho.com,Ross PLC,287-236-4967,36
454,Robert George,Electrical engineer,Robert_George80@xfinity.com,Robbins-Thomas,683-854-9693,26
455,Scott Matthews,Student,Matthews.Scott@aol.com,Diaz Inc,380-928-9282,21
456,Victoria Butler,Administrator,VictoriaButler@mail.com,Jordan Group,448-700-0982,33
457,Rachel Campbell,Chemical engineer,Campbell.Rachel@yandex.com,Carr-Collier,935-770-5357,23
458,Theresa Hansen,Student,THansen@zoho.com,Webster and Sons,127-352-7197,18
459,Susan Gonzalez,"Engineer, land",SGonzalez@aol.com,White and Sons,231-966-4741,31
460,John George,Chemical engineer,George.John37@zoho.com,"Davis, Wilson and Grant",468-600-2533,28
461,Aaron Hendrix,Unemployed,Aaron_H@verizon.com,"Collier, Flynn and Gonzalez",330-908-6683,8
462,Shelly Robbins,Chemical engineer,Shelly_Robbins17@zoho.com,"Stewart, Gregory and Kelly",417-480-3344,23
463,Mrs. Carla Sims,"Doctor, general practice",Mrs._S@outlook.com,"Barnes, Parker and Wilson",626-067-4695,38
464,Kristopher York,Unemployed,Kristopher.Y@protonmail.com,Williams LLC,820-111-3909,13
465,Brandon Wilson,Banker,BWilson@verizon.com,"Braun, Jones and Baker",989-230-5805,22
466,Joseph Adams,Games developer,Joseph_Adams@outlook.com,Hawkins LLC,826-070-9391,43
467,Michael Meyers,"Engineer, communications",Meyers_Michael@zoho.com,Kelly Inc,463-026-2476,35
468,Gary Blair,"Engineer, broadcasting (operations)",Gary_B@yandex.com,Torres-Murphy,668-920-6989,30
469,Samantha Garza,Fashion designer,SGarza@att.com,Scott-Taylor,606-406-9660,45
470,Kathleen Graves,Editor,Kathleen_Graves@gmail.com,Morgan-Riggs,327-841-8410,25
471,Keith Washington,Counsellor,Keith_Washington59@hotmail.com,"Roberts, Burns and Johnson",394-731-4648,37
472,Jennifer Freeman,Barista,Freeman_Jennifer@gmail.com,Russell Ltd,599-249-2625,25
473,Joseph Smith,Unemployed,Smith_Joseph@protonmail.com,Carlson-Davis,768-863-9318,14
474,Alicia Martin,Games developer,Alicia.Martin@zoho.com,"Warren, Russell and Austin",750-381-6388,38
475,Emma Hubbard,Student,Emma_Hubbard23@mail.com,Mccoy-Medina,996-193-3921,18
476,Brian Williams MD,Surgeon,MD_Brian@protonmail.com,Woods and Sons,642-259-8134,26
477,Samuel Johnson,"Engineer, manufacturing systems",Samuel_J@xfinity.com,Robinson-King,299-066-3470,32
478,Rachel Mendez,Student,Rachel.Mendez@aol.com,Hubbard Ltd,313-461-4882,19
479,Patrick Nunez,"Engineer, energy",Patrick.Nunez67@yahoo.com,Medina-Harrison,967-862-4377,30
480,Mary Nguyen,Student,Nguyen.Mary@xfinity.com,"Erickson, Cox and Guzman",490-165-2879,20
481,Joshua Johnson,Student,Joshua_Johnson@mail.com,"Taylor, Olson and Martin",969-397-6835,20
482,Danny Bush,Chemical engineer,Bush_Danny72@att.com,Cook LLC,782-412-8072,23
483,Angela Williamson,Chemical engineer,AWilliamson@aol.com,"Patton, Hernandez and Mendoza",379-290-8426,36
484,Paul Stevens,"Engineer, agricultural",PStevens@yandex.com,Duncan Group,446-796-7863,22
485,Cody Powell,Student,Cody_Powell19@xfinity.com,"Richards, Brady and Hernandez",575-347-2756,18
486,George Butler,Nurse,Butler.George@yahoo.com,Fox LLC,305-787-1672,30
487,Laura Campbell,Unemployed,Laura_C@hotmail.com,Wood and Sons,569-083-7210,14
488,Lori Brown,Student,Lori_B@yahoo.com,Smith and Sons,619-516-4838,19
489,Lisa Mclaughlin,"Engineer, civil (consulting)",Lisa.M@outlook.com,"Thompson, Griffin and Edwards",437-235-4657,33
490,Jenny Dean,Chemical engineer,Dean_Jenny@comcast.net,Padilla and Sons,434-119-4759,36
491,Bruce Christensen,Student,Bruce.Christensen@aol.com,Ray-Morris,647-222-3081,18
492,Brett Waters,"Engineer, electrical",Brett.W@zoho.com,Dillon Inc,749-423-3026,25
493,Charles King,"Engineer, petroleum",CharlesKing@outlook.com,"Brown, Reed and Rodriguez",442-339-4129,25
494,Holly Graves,Chemical engineer,HGraves@aol.com,Turner LLC,557-818-4642,33
495,Devin Garcia,Unemployed,DevinGarcia@comcast.net,Allen LLC,142-695-6654,16
496,Jacqueline Zavala,Student,Zavala_Jacqueline84@verizon.com,Wilson-Lewis,811-344-3889,19
497,John Myers,Unemployed,John_Myers@protonmail.com,"Cole, Bailey and Morales",536-384-0016,14
498,Kristen Lynch,Games developer,Kristen_Lynch47@yahoo.com,Long and Sons,531-645-7078,40
499,Thomas Nunez,"Engineer, electrical",Thomas.N@comcast.net,"Lucas, Medina and Diaz",800-972-5881,34
500,Michael Gutierrez,Unemployed,Michael.G64@protonmail.com,"Patterson, Martinez and Norton",400-454-2398,3
501,Dana Farrell,"Engineer, manufacturing systems",Farrell.Dana@mail.com,"Holmes, Dodson and Miller",142-636-3027,23
502,Carla Barry,Student,CarlaBarry@yandex.com,"Morris, Evans and Gregory",829-324-3922,18
503,Carol Contreras,"Engineer, civil (contracting)",Carol_Contreras@outlook.com,Rodriguez-Walters,546-355-9346,31
504,Jonathan White,Graphic designer,Jonathan_W@yahoo.com,Sims LLC,444-812-2617,33
505,Peter James,Chemical engineer,Peter_J@protonmail.com,Berry-Freeman,379-581-9157,28
506,Cody Long,"Engineer, materials",CLong81@att.com,Townsend-Griffin,538-196-5111,41
507,Anthony Cook,Games developer,Cook_Anthony@gmail.com,Berry Inc,992-543-5214,31
508,Danielle Bowman,Student,Danielle.Bowman@xfinity.com,Mcbride-Brown,507-060-7597,20
509,Brian Jacobs,Unemployed,Brian.J@att.com,Martinez LLC,467-625-3378,10
510,Tracy Figueroa,Barrister,TracyFigueroa@outlook.com,Johnson PLC,681-092-4237,32
511,Luke Nielsen,Unemployed,Luke_Nielsen@yandex.com,"Evans, Pace and Escobar",381-086-0126,14
512,Timothy Woodward,Unemployed,Timothy_W@mail.com,"Graham, Huffman and Daniels",655-003-7604,6
513,Sara Morrison,Unemployed,Sara.Morrison@mail.com,Hernandez-Bass,414-757-4698,17
514,Lauren Reed,"Engineer, building services",Lauren_R@aol.com,"Montes, Arias and Small",945-601-9029,26
515,Michele Hernandez,Administrator,Michele.H@mail.com,"Turner, Stephens and Novak",564-015-9898,29
516,Andrea Harris,Student,Andrea.H@comcast.net,Webster Inc,708-750-0468,21
517,Christy Walters,Unemployed,Christy_W@mail.com,Mcdonald Ltd,959-975-6850,4
518,Matthew Martin,Unemployed,Matthew_Martin27@mail.com,"Melton, White and Little",191-529-7744,16
519,James Gaines,Architect,Gaines.James@zoho.com,King Inc,190-410-2183,42
520,Eric Mitchell,Unemployed,EricMitchell@protonmail.com,"Davis, Simmons and Gibson",160-822-7348,11
521,Joseph Reynolds,Unemployed,Joseph.Reynolds@comcast.net,Morgan and Sons,592-053-6464,14
522,Kristine Holmes,Games developer,Kristine.H17@xfinity.com,Dickerson and Sons,540-718-1949,28
523,Sandra Owens,"Engineer, aeronautical",Owens_Sandra67@yandex.com,"Frank, Burton and White",652-343-2516,31
524,Kayla Watson,"Engineer, land",Kayla_Watson@aol.com,"Hess, Bell and Perez",361-167-9538,27
525,Ryan Edwards,Games developer,Ryan.E@yandex.com,White-Dunn,883-990-8715,28
526,Emily Sawyer,Unemployed,Emily_Sawyer@gmail.com,Collins Group,375-413-3398,11
527,Leah Keller,"Engineer, manufacturing systems",Keller_Leah@gmail.com,"Beck, Wilson and Sutton",153-026-1418,28
528,Brian Johnson,Unemployed,Johnson_Brian@outlook.com,Chang-Bailey,547-025-3255,15
529,Monica Gibson,Chemical engineer,Monica.Gibson@att.com,Alvarado-Melton,290-047-3145,31
530,Robert Bolton,Games developer,RobertBolton72@yahoo.com,Forbes LLC,396-152-5680,36
531,Kristen Coleman,Unemployed,Kristen_Coleman61@yandex.com,Dillon PLC,307-812-2594,12
532,John Miranda,"Doctor, general practice",John_Miranda@mail.com,"Mccarty, Bishop and Atkins",758-849-1559,30
533,Stacey Harvey,"Engineer, building services",Stacey_H@verizon.com,"Calderon, Davis and Daniel",392-511-6846,26
534,Mark Kemp,"Engineer, maintenance (IT)",Mark_Kemp@verizon.com,Byrd Group,777-158-5752,38
535,Melissa Barnes,Barista,Melissa.Barnes@zoho.com,"Sanchez, Diaz and Smith",741-502-3840,32
536,Hayley Johnson,Unemployed,Hayley_Johnson13@comcast.net,Clark Group,817-302-1109,5
537,Kyle Carter,Solicitor,Kyle_C@yahoo.com,Walters Inc,988-894-2329,29
538,Brianna Mason,Student,BriannaMason@yandex.com,"Martinez, Carlson and Sharp",987-591-9474,18
539,Alicia Brown,Architect,Brown_Alicia91@att.com,"Smith, Burns and Morales",367-956-8844,41
540,Vincent Key,Unemployed,Vincent_Key75@yahoo.com,Collins LLC,984-215-8748,17
541,James Wallace,Unemployed,James_Wallace20@yandex.com,Cruz Group,779-907-2827,8
542,Daniel Hughes,"Engineer, petroleum",Daniel_Hughes@hotmail.com,Medina Inc,477-260-6817,29
543,Mary Douglas,Chemical engineer,Mary_D@verizon.com,Giles Ltd,453-293-7331,35
544,Shawn Cameron,Unemployed,Shawn_Cameron@comcast.net,"Leonard, Clark and Larsen",564-810-1414,11
545,Stephanie Walker,Hotel manager,Stephanie.Walker@comcast.net,Ray-Kelly,331-133-2744,24
546,Donna Jordan,Unemployed,Jordan_Donna@protonmail.com,Burton and Sons,118-859-1064,8
547,Walter Dalton,Orthoptist,WDalton@outlook.com,"Clark, Blake and Ruiz",930-431-3242,25
548,Dorothy Bennett,Student,DBennett76@zoho.com,Davidson-Clark,976-460-0730,18
549,Cynthia Braun,Chemical engineer,Cynthia_B@protonmail.com,Vargas Group,359-897-4166,29
550,Joshua Cox,Chemical engineer,Joshua.C65@outlook.com,Giles Inc,975-818-1820,25
551,Sarah Booth,Student,Booth.Sarah@yandex.com,Williams Inc,471-993-5498,20
552,Dustin Stewart DDS,Unemployed,Dustin_DDS@aol.com,Hernandez and Sons,935-909-1033,15
553,Julia Glover,"Engineer, manufacturing systems",Glover_Julia@gmail.com,"Rivera, Jones and Brown",195-731-3130,25
554,Mr. John Brown,Student,Brown_Mr.@mail.com,"Gardner, Smith and Rodriguez",866-142-4333,21
555,Christopher Wood,Chemical engineer,Christopher.W82@yandex.com,"Shepherd, Lane and Dunlap",782-392-3648,39
556,Dennis Mills,"Engineer, communications",Dennis.M54@yahoo.com,Ware-Bell,477-456-0766,33
557,Daniel Shields,"Engineer, water",Daniel.S@gmail.com,Barker-Jennings,309-028-1978,22
558,Randy Martinez,Unemployed,Randy.M56@yahoo.com,Rice Inc,613-144-5940,16
559,Paul Clark,Hotel manager,PaulClark39@mail.com,Walker Group,477-660-2012,26
560,Jose Sanders,Games developer,Jose_S@yandex.com,"Vasquez, Paul and Lucas",452-201-8119,22
561,Wayne Zamora,Unemployed,Wayne.Z@outlook.com,Turner LLC,272-742-3077,13
562,Elizabeth Wallace,Dentist,Elizabeth.W93@outlook.com,"Bradshaw, White and Thomas",633-772-0459,34
563,Marie Davis,"Engineer, aeronautical",Marie.Davis47@verizon.com,"Brown, Williams and Gonzalez",207-415-6128,27
564,Jasmin Washington,Actor,JasminWashington85@zoho.com,Martinez-Sparks,197-983-1223,44
565,Christopher Nelson,Electrical engineer,CNelson@outlook.com,Stewart and Sons,357-834-2467,25
566,Cynthia Ortiz,Student,CynthiaOrtiz@zoho.com,Dyer-Harrington,614-583-6103,18
567,Monica Raymond,Chemical engineer,MRaymond49@verizon.com,Ramsey LLC,977-923-3935,43
568,Alice Lee,"Engineer, civil (consulting)",Alice_Lee37@yandex.com,Pope-Bradley,225-768-5812,27
569,Mary Hensley,"Engineer, manufacturing systems",Mary.Hensley@yahoo.com,"Higgins, Riddle and Perez",544-434-5067,39
570,Sheryl Smith,"Engineer, building services",Sheryl.Smith55@yandex.com,Shannon-Brown,317-201-1424,25
571,Daniel Hunt,Graphic designer,Daniel.H@yandex.com,"Rivera, Woods and Pierce",246-353-2063,25
572,Casey Young,"Engineer, electrical",Young.Casey@outlook.com,"Harper, Burke and Kelly",375-961-8408,26
573,Andrew Johnson,Chemical engineer,Johnson_Andrew@zoho.com,Cruz Inc,135-820-8434,25
574,Tracey Thompson,"Engineer, building services",Tracey.Thompson@xfinity.com,Watson-Johnson,292-456-9056,33
575,Jessica Perry,"Librarian, public",Jessica_Perry@att.com,Kemp-Wilson,565-142-8197,26
576,Lisa Russell,Unemployed,LisaRussell64@yahoo.com,"Rodriguez, Griffin and Richardson",476-592-9554,8
577,Stephanie George,"Engineer, electrical",Stephanie_G@yahoo.com,"Ward, Marshall and Ortiz",526-217-4288,30
578,Daniel Garcia,Actuary,Daniel.G@aol.com,Klein Inc,989-569-6951,31
579,Emily Ashley,Chemical engineer,EmilyAshley@gmail.com,Frey Ltd,447-764-5363,34
580,James Newton,"Engineer, drilling",James_N@yahoo.com,Schneider-Brown,880-447-9266,39
581,Jacob Lopez,Orthoptist,JLopez@verizon.com,Oconnor Group,570-474-2279,25
582,Steven Mayo,Unemployed,SMayo@verizon.com,Ferguson and Sons,332-401-3886,11
583,Gabriela Turner,Unemployed,GabrielaTurner@protonmail.com,"Rodriguez, Wood and Adams",286-664-0934,13
584,Jessica Fleming,"Engineer, structural",Jessica.F73@zoho.com,Hughes-Wall,357-190-0737,24
585,Erica Cox,Dentist,Erica.Cox@yahoo.com,Massey-Cole,479-431-6434,28
586,Carlos Bennett,Hotel manager,Carlos_Bennett74@gmail.com,Ellison Group,978-271-5584,32
587,Matthew Reid,"Engineer, manufacturing",MatthewReid86@gmail.com,"Pacheco, Sanders and Johnson",534-416-3099,29
588,Thomas Williams,Solicitor,Thomas.W79@att.com,"Dunn, Mills and Craig",697-567-7295,23
589,Brooke Scott,"Engineer, control and instrumentation",Brooke.S23@mail.com,Jackson LLC,597-392-6085,26
590,Jeremy Mathews,"Engineer, technical sales",Jeremy_M@gmail.com,"King, Brown and Young",408-622-1423,32
591,Nancy Wood,Student,NWood@aol.com,Williams Ltd,236-869-3715,20
592,Annette Randolph,"Librarian, public",Annette.Randolph98@yandex.com,"Diaz, Davis and Singleton",222-564-6343,30
593,Megan Cline,Chemical engineer,Megan_Cline@yahoo.com,Gibson-Bishop,595-471-6503,25
594,Dwayne Hall,Tour manager,Hall.Dwayne@hotmail.com,"Moreno, House and Barry",777-370-7985,25
595,Brian Coffey,Police officer,BrianCoffey92@protonmail.com,"Morgan, Bell and Scott",740-515-3658,23
596,Shelby Rodriguez,Chemical engineer,Shelby_Rodriguez@xfinity.com,"Moore, Sloan and Wilkins",649-549-0276,47
597,Paul Frederick DDS,Chemical engineer,Paul.D@xfinity.com,Wilson Ltd,182-539-6102,37
598,Ms. Cindy Stewart,"Engineer, site",Stewart.Ms.86@outlook.com,Henry-Myers,599-828-2953,22
599,Lori Young,Student,Young.Lori@zoho.com,"Rowland, Benson and Aguilar",745-605-0410,19
600,Tiffany Barker,"Engineer, energy",TBarker@mail.com,Ball-Rodriguez,841-867-7189,26
601,David May,Student,May.David@comcast.net,"Herrera, Sharp and Watson",378-701-4692,20
602,Melissa Yang,Student,Melissa.Y@verizon.com,Evans PLC,271-076-1004,21
603,Phyllis Santiago,"Engineer, technical sales",Phyllis_Santiago@aol.com,"Oliver, Tran and Wang",544-014-8698,23
604,Gordon Perez,Games developer,Perez.Gordon@protonmail.com,Cross Inc,803-842-0409,24
605,Thomas Glover,"Engineer, materials",Thomas_G@gmail.com,"Russell, Taylor and Willis",938-189-9747,34
606,Michelle Mathis,Orthoptist,Mathis.Michelle@hotmail.com,Best Ltd,916-908-9097,30
607,Kristina Padilla,Chemical engineer,KristinaPadilla@yandex.com,"Jones, Alvarez and Williams",555-934-2016,39
608,Steven Shields,"Engineer, electrical",SShields51@outlook.com,Allen and Sons,461-000-2073,33
609,Maria Anderson,"Engineer, technical sales",Anderson.Maria@protonmail.com,Curry and Sons,115-532-1337,39
610,Brandon Green,"Engineer, building services",Brandon.Green@mail.com,Stone-Sutton,944-262-7783,23
611,John Tran,Games developer,John_T@verizon.com,Rocha Ltd,532-355-9010,27
612,Sandra Riggs,Student,Riggs.Sandra@xfinity.com,Escobar-Martin,258-482-3296,19
613,John Johnson,"Engineer, water",John_Johnson@comcast.net,Johnston-Sanders,225-884-1049,38
614,Christopher Higgins,"Engineer, energy",Christopher.H21@outlook.com,Phillips LLC,409-321-3927,25
615,Joshua Burton,Student,JoshuaBurton@aol.com,"Powell, Conner and Wagner",940-644-1961,20
616,Rebecca Burton,"Engineer, electrical",RebeccaBurton35@outlook.com,Beard and Sons,182-642-4845,31
617,Caleb Anderson,Actor,Caleb_A63@zoho.com,Arias and Sons,986-160-2866,33
618,Mathew Walters,Student,Mathew_Walters50@att.com,Johnson-Chan,275-917-7082,20
619,David Walker,"Engineer, electrical",David_W@outlook.com,Melendez and Sons,383-726-4133,30
620,Michael Sanchez,Student,Michael.S41@outlook.com,Avila-Woods,133-798-5726,20
621,Traci Ford,Unemployed,Traci.F@hotmail.com,Cook-Chang,961-099-4192,11
622,Aaron Rose,"Engineer, production",Rose.Aaron@yahoo.com,Carr Ltd,192-727-2376,28
623,Jeffrey Sims,Police officer,Jeffrey.Sims47@att.com,Gallagher Group,830-665-9041,23
624,Carol Jarvis,Unemployed,CJarvis@zoho.com,Mitchell and Sons,870-258-4821,3
625,Haley White,Surgeon,White.Haley14@hotmail.com,Kent-Wagner,188-408-5557,36
626,Amy Vega,Unemployed,Vega_Amy71@yandex.com,"Brown, Spencer and Gardner",616-448-8554,14
627,Joshua Lynch,Unemployed,Lynch_Joshua@yandex.com,Garza Group,951-692-2944,12
628,Jessica Nguyen,Student,JessicaNguyen33@aol.com,Davidson Inc,230-791-4908,21
629,James Edwards,Computer games developer,JEdwards@yandex.com,Wilkins-Olsen,322-834-7539,35
630,Emily Stewart,Unemployed,Stewart.Emily83@hotmail.com,Bailey and Sons,254-492-4361,6
631,Jonathan Turner,"Engineer, electrical",JTurner@xfinity.com,"Perry, Simpson and Mercer",131-116-8049,37
632,Dustin Small,Student,Dustin.Small92@att.com,"Griffin, Reid and Jones",355-634-4098,20
633,Michael White,"Engineer, structural",Michael.W@yandex.com,Martinez-Hicks,483-331-7517,35
634,Stephanie Castillo,Electrical engineer,Stephanie.Castillo@gmail.com,"Moore, Chung and Taylor",579-666-5554,26
635,Joseph Williams,Student,Joseph_Williams@yahoo.com,Massey-Yates,713-496-1612,19
636,Terri Garcia,Psychiatrist,Terri_G41@gmail.com,Camacho-Grant,314-676-9364,42
637,Melissa Alexander,Unemployed,Melissa_A@xfinity.com,"Ward, Alvarez and Gross",202-360-8193,10
638,Robert Figueroa,"Engineer, petroleum",Figueroa.Robert@att.com,Velez-Garner,145-883-5467,44
639,Tamara Wise MD,Electrical engineer,Tamara_M@comcast.net,Ryan Ltd,703-897-1905,26
640,Amanda Vega,Unemployed,Vega.Amanda51@protonmail.com,Carr and Sons,116-603-7509,12
641,David Hudson,"Engineer, materials",David.Hudson15@outlook.com,Smith-Johnson,750-242-1159,30
642,Michele Bell,Student,Bell.Michele70@yahoo.com,Kelly LLC,727-480-6389,20
643,John Villarreal,"Engineer, land",JVillarreal@gmail.com,Brooks LLC,838-129-1364,25
644,Jason Harris,Unemployed,Harris_Jason@comcast.net,Guzman-Clark,262-007-5729,13
645,Heather Myers,Unemployed,HMyers@yahoo.com,Taylor Group,907-083-5917,9
646,Michelle Johnson,"Engineer, drilling",Michelle.J@xfinity.com,Sharp-Clark,242-879-0258,43
647,Eric Walters,Unemployed,EWalters@yandex.com,Simmons PLC,415-686-9556,8
648,Gabriela Thompson,"Engineer, control and instrumentation",Gabriela_T@zoho.com,"Brown, Bradshaw and Kelley",911-426-6180,35
649,Christine Burnett,Student,Christine.B@yandex.com,Jackson-Miller,495-915-9056,21
650,Steven Williams,"Engineer, water",Steven_Williams@yahoo.com,"Le, Frye and Roberts",592-445-1990,24
651,Ryan Valdez,"Engineer, aeronautical",Valdez.Ryan@yahoo.com,Garcia Ltd,451-195-6789,32
652,Steven Harris,Tour manager,Harris.Steven@zoho.com,Adams-Franklin,650-966-4450,40
653,Shelby Austin,Chemical engineer,Austin.Shelby86@comcast.net,Brady PLC,882-959-7227,40
654,Jennifer Flores,Psychiatrist,Jennifer.F@att.com,"Mccoy, Clayton and Luna",735-457-4429,28
655,Gregory Miller,Solicitor,Gregory.M22@hotmail.com,"Jones, Patterson and Montes",631-577-9667,23
656,Mr. Jacob Rodgers,Unemployed,Mr..R41@gmail.com,"Cantu, Stout and Keller",819-215-5146,12
657,Lindsay English,Chemical engineer,Lindsay.English@mail.com,"Williams, Santana and Barron",764-408-8215,22
658,Samantha Perkins,Unemployed,Samantha.P38@verizon.com,Moreno-Tate,334-014-7699,11
659,Laura Gomez,Unemployed,Gomez.Laura@mail.com,Wilkinson Inc,373-285-4755,15
660,Jack Davis,Nurse,Davis_Jack@aol.com,"Adams, Ferguson and Smith",618-903-6856,38
661,Joshua Randall,Unemployed,Joshua.R@xfinity.com,"Davis, Davis and Brown",124-895-9523,12
662,Bryan Holder,Unemployed,Bryan_H@mail.com,Jensen Group,808-909-2287,15
663,Tyler Rogers,Unemployed,TylerRogers35@att.com,Martin-Baldwin,539-296-4196,17
664,Travis Watkins,"Librarian, public",Travis.Watkins@mail.com,"Myers, Hoover and Burgess",639-999-7643,30
665,Matthew Thomas,Unemployed,Matthew.T23@gmail.com,Collier Ltd,226-599-4104,16
666,Kyle Castro,"Engineer, civil (contracting)",KCastro@att.com,"Molina, Hernandez and Cox",116-210-8695,45
667,Desiree Hodges,Unemployed,Hodges.Desiree71@att.com,"Smith, Wheeler and Gomez",936-103-1766,16
668,Tanner Ramos MD,Counsellor,Tanner_M@att.com,Oliver-Stevens,653-916-7867,26
669,Jose Cruz,Administrator,Jose_C@comcast.net,"Perry, Boyd and Vasquez",930-183-1484,30
670,Richard White,Graphic designer,White.Richard@aol.com,"Sanders, Clark and Payne",466-068-5276,23
671,Cody Jackson,"Engineer, energy",Cody_Jackson38@protonmail.com,"Hunter, Fitzpatrick and Spears",341-428-0795,34
672,Larry Williams,Unemployed,LarryWilliams16@aol.com,Goodwin-Harper,921-059-9002,15
673,Howard Olson,Student,Howard_O@mail.com,Rodriguez-Moore,193-014-5246,19
674,Christine Wilson,Unemployed,CWilson92@verizon.com,Walker-Owens,264-404-2640,14
675,Karen Castillo,"Engineer, water",Karen_C40@xfinity.com,"Rojas, Bell and Gillespie",514-678-8497,33
676,Trevor Sellers,"Engineer, technical sales",Trevor_S71@hotmail.com,Hernandez and Sons,199-941-3217,28
677,Morgan Lane,Student,Morgan.Lane@comcast.net,Khan-Bishop,127-227-7466,18
678,Tiffany Kelley,"Engineer, communications",Tiffany_K@hotmail.com,Shaw-Huff,423-349-4025,34
679,Matthew Schultz,Unemployed,Matthew.S@zoho.com,Owens and Sons,818-658-9314,15
680,Julia Bruce,"Engineer, site",Julia_Bruce@hotmail.com,"Bowers, Jones and Woods",660-576-7821,25
681,Emily Baker,"Engineer, production",Baker.Emily33@outlook.com,Allen-Chung,969-840-9409,35
682,Noah Perry,"Engineer, maintenance",Perry.Noah35@gmail.com,King PLC,481-637-3324,36
683,Kristen Sanders,Orthoptist,Kristen.Sanders73@protonmail.com,Griffith LLC,781-752-3216,36
684,Alexis Hart,Unemployed,Alexis.H@mail.com,Brown-Phillips,804-504-6179,-1
685,Christopher Winters,Unemployed,Christopher.W@gmail.com,Odom-Bates,395-940-8822,17
686,Lisa Miller,Unemployed,Miller_Lisa@mail.com,Williams-Austin,119-364-3116,16
687,Ruth Meyer,Chemical engineer,Meyer.Ruth@xfinity.com,"Walker, Miller and Harris",738-712-8412,27
688,Robert Garcia,Computer games developer,Robert_G@yandex.com,Schultz Ltd,382-599-9987,26
689,Debra Robinson,Student,DRobinson@verizon.com,"Warren, Ross and Sanders",610-493-5628,20
690,Sherry Hamilton,Student,SHamilton@yahoo.com,Rose LLC,566-834-7864,20
691,Shannon Perry,"Engineer, control and instrumentation",Shannon.P28@att.com,Frazier-Stephenson,786-788-5475,25
692,John Wilson,Police officer,JohnWilson@zoho.com,Macias PLC,900-151-4443,25
693,Natasha Prince,"Engineer, materials",NatashaPrince89@mail.com,Johnson Inc,969-632-4834,37
694,Karen Macias,"Engineer, water",Macias_Karen11@yahoo.com,Simmons Group,143-324-9601,35
695,David Guzman,Chemical engineer,Guzman.David64@yahoo.com,Carrillo-Berry,922-564-9195,25
696,Kevin Meza,Unemployed,KMeza@aol.com,Baker-Perez,919-686-7378,4
697,Danny Johnson,Unemployed,Danny.Johnson@gmail.com,Larson-Johnson,195-555-2001,15
698,Mr. Roger Stewart,Unemployed,Mr..S@comcast.net,Gardner LLC,945-520-8875,11
699,Willie Greene,"Engineer, electronics",Greene.Willie@xfinity.com,"Murray, Boyer and White",366-748-8436,40
700,George Pittman,Chemical engineer,George.P@verizon.com,Yang-Ellis,759-604-7327,24
701,Phyllis Shea,Unemployed,Shea.Phyllis@aol.com,Hill-Mora,351-559-2783,4
702,Allison Rodriguez,Unemployed,ARodriguez94@gmail.com,Higgins Inc,137-362-3509,15
703,Shelby Thompson,"Engineer, petroleum",Thompson.Shelby@comcast.net,"Wilson, Arroyo and Anderson",986-777-1826,32
704,Cole Reyes,Unemployed,Reyes_Cole56@mail.com,Decker Group,898-465-0671,4
705,Derrick Pena,"Engineer, mining",DerrickPena@verizon.com,Cooper PLC,788-085-6971,26
706,Michael Lyons,Chemical engineer,Michael.Lyons49@zoho.com,Grant-Owens,290-300-2943,42
707,Sarah Smith,"Engineer, mining",SarahSmith@xfinity.com,Alvarez LLC,625-639-2202,35
708,Elizabeth Perez,Student,ElizabethPerez@verizon.com,Wilson Ltd,407-022-1822,18
709,Jacqueline Barrera,Unemployed,Barrera_Jacqueline@protonmail.com,Thompson-Peterson,350-852-5570,10
710,Sara Savage,Graphic designer,Savage.Sara68@xfinity.com,Sexton-Nicholson,783-925-4443,42
711,Matthew Leach,Administrator,MLeach@zoho.com,"Ortiz, Avila and Hull",506-298-5662,25
712,Nicole Graham,"Engineer, communications",NGraham@zoho.com,Rodriguez-Mcbride,158-363-2685,33
713,Michael Hubbard PhD,Student,Michael.PhD@mail.com,"Lopez, Miller and Frederick",590-000-6879,18
714,Rachael Zhang,"Engineer, technical sales",RachaelZhang45@outlook.com,Donovan-Burke,385-301-5025,35
715,Yesenia Wright,Orthoptist,YWright@verizon.com,Reynolds-Gutierrez,633-381-7948,27
716,Kayla Blackburn,Unemployed,Blackburn_Kayla@protonmail.com,"Beard, Martin and Mccoy",232-301-0852,10
717,Ryan Garcia,Unemployed,RGarcia@protonmail.com,"Saunders, Smith and Flores",985-844-5824,16
718,Rachel Harris,Student,Rachel.H@hotmail.com,Hayes-Jones,547-473-3064,20
719,James Thornton,Chemical engineer,James.Thornton74@att.com,Jenkins-Robinson,833-574-4817,28
720,Michael Peterson,Student,Peterson.Michael38@yahoo.com,Mcintyre Group,743-078-1607,20
721,Ashley Watson,Actor,Ashley.Watson@gmail.com,Deleon and Sons,664-775-3511,28
722,Edwin Mcclure,Student,Edwin.Mcclure@att.com,Anderson Ltd,572-716-4273,20
723,Clayton Williams,Unemployed,Clayton.W72@outlook.com,Campos LLC,643-319-2209,15
724,Kimberly Velasquez,Student,Kimberly.Velasquez32@zoho.com,"Conner, Morris and Martinez",602-700-6676,18
725,David Chavez,"Engineer, electronics",DavidChavez@mail.com,"Garcia, Nguyen and Rodriguez",332-056-8542,25
726,Daniel Gardner,"Engineer, technical sales",DGardner28@hotmail.com,Rodgers Group,214-422-9434,23
727,Melissa Moore,"Engineer, civil (contracting)",Moore.Melissa@yandex.com,Carlson Group,362-202-7413,24
728,Edward Bridges,"Doctor, general practice",EBridges@gmail.com,"Clay, Douglas and Weaver",868-736-4079,28
729,Justin Ramirez,Unemployed,Justin_R82@att.com,"Conner, Davis and Miller",820-616-5254,12
730,Steven Bennett,"Engineer, biomedical",Steven_B@xfinity.com,Heath-Rodriguez,454-694-1864,26
731,Dawn Williams,Unemployed,Dawn.W@att.com,Ryan and Sons,719-965-5424,12
732,Katie Lewis,"Engineer, energy",Katie_L@aol.com,Parker-Lawrence,894-080-4492,22
733,Valerie Austin,Dentist,Valerie.A37@mail.com,"Martin, Gonzalez and Campos",797-493-3237,28
734,Scott Peck,Actor,Peck_Scott@hotmail.com,Gonzalez LLC,638-890-9145,25
735,Dr. Tyrone Cline,Actuary,Dr..C@xfinity.com,"Jones, Newman and Crawford",265-579-9892,39
736,Dylan Lopez MD,Administrator,DylanMD@zoho.com,Conner Inc,295-616-7604,36
737,Jeffrey Kline,Unemployed,Kline.Jeffrey@mail.com,Sanchez LLC,122-148-7335,12
738,Sarah Brown,"Engineer, maintenance",SBrown43@xfinity.com,"Wagner, Miller and Tate",446-361-2570,32
739,Nicole Ramirez,"Engineer, automotive",NicoleRamirez77@hotmail.com,"Holt, Rose and Hutchinson",783-984-7409,26
740,Katie Fernandez,Student,Katie.F@hotmail.com,Shaw LLC,410-053-2811,19
741,Lisa Rice,"Engineer, automotive",LisaRice@protonmail.com,White Group,403-885-3973,23
742,Barbara Carr,Chemical engineer,BarbaraCarr@zoho.com,Stewart Group,265-038-0551,39
743,Brent Combs,Student,Brent_Combs@comcast.net,Gibson and Sons,504-145-9702,19
744,Richard Pierce,"Engineer, civil (consulting)",Richard_Pierce@verizon.com,"Cummings, Moore and Spencer",444-738-1756,35
745,Harold Stark,"Engineer, manufacturing systems",Stark_Harold@comcast.net,James-Tyler,972-911-3868,24
746,Michael Peterson,Student,Michael_Peterson@xfinity.com,"Taylor, Hardin and Flynn",552-406-0259,18
747,Shannon Pierce,Unemployed,Shannon.Pierce@protonmail.com,Williams Group,105-545-3960,12
748,Ashley Page,Student,Ashley.Page@hotmail.com,Jones-Allen,117-058-2101,21
749,Dylan Nichols,"Engineer, energy",Nichols.Dylan@yandex.com,Leblanc-Cook,832-656-7403,42
750,Joseph Casey,"Engineer, control and instrumentation",Casey_Joseph32@yandex.com,Joseph-Zamora,964-347-4488,30
751,Steve Yates,Police officer,Steve.Y85@hotmail.com,Spencer PLC,259-411-0282,26
752,Amy Brooks,Actuary,ABrooks@att.com,Mcmillan and Sons,249-740-8046,22
753,Phyllis Green,Unemployed,PGreen@verizon.com,"Bauer, Delgado and Lane",636-830-5944,17
754,Stephanie Henderson,Chemical engineer,Henderson_Stephanie@aol.com,Adams-Long,584-388-4515,23
755,Sheena Haley,Electrical engineer,Sheena_H@verizon.com,Perkins-Thomas,556-560-6015,24
756,Christopher Chan,"Engineer, mining",Chan_Christopher@gmail.com,Rodriguez LLC,115-946-2426,24
757,Caitlin Taylor,Unemployed,CaitlinTaylor@gmail.com,Thompson and Sons,584-311-3963,7
758,Steven Mcfarland DDS,Unemployed,SDDS29@yahoo.com,Barker LLC,668-268-5596,13
759,Noah Coleman,Air traffic controller,Noah.Coleman@yandex.com,Calhoun-Hampton,678-513-6268,56
760,Cody Taylor,"Engineer, mining",CodyTaylor@verizon.com,"Hartman, Marsh and Scott",192-225-2754,27
761,Ebony Sanchez,"Engineer, materials",Ebony.Sanchez@protonmail.com,Banks-Roberts,932-538-1176,48
762,Karen Wilson,Airline pilot,Wilson.Karen86@mail.com,Kelly Inc,841-118-9812,22
763,Lisa Nash,"Librarian, public",Lisa_Nash@yandex.com,Price Inc,891-037-8754,31
764,Michael Brown,Chemical engineer,Brown_Michael@aol.com,Nguyen Ltd,884-037-5594,32
765,Kimberly Fitzgerald,"Engineer, aeronautical",Kimberly_Fitzgerald@zoho.com,Olson PLC,122-625-5693,23
766,Jordan Wright,"Engineer, structural",JordanWright82@zoho.com,Bentley-Ruiz,656-295-2423,25
767,Lisa Carrillo,Unemployed,Lisa.C55@att.com,Gardner LLC,158-205-7886,14
768,Kelly Bailey,Chemical engineer,Kelly_B23@mail.com,"Bradley, Walker and Shaffer",945-107-8552,33
769,Ronald Watson,Unemployed,Ronald_Watson@comcast.net,"Robinson, Greene and Ryan",321-278-4519,15
770,Jonathon Burton,Unemployed,Jonathon.Burton90@zoho.com,Lowery Group,534-074-9126,16
771,Heather Johnson,Chemical engineer,HJohnson17@protonmail.com,Burns-Wilson,331-844-7412,47
772,Michael Hernandez,"Engineer, water",MichaelHernandez@yahoo.com,Macias Ltd,491-287-0516,29
773,Bradley Griffin,Chemical engineer,Bradley.G@yandex.com,Jimenez-Kelly,104-430-3311,31
774,Ms. Kristin Young,Student,MYoung88@protonmail.com,"Guerrero, Lewis and Taylor",570-710-4717,20
775,Maria Peck,Student,Peck_Maria62@outlook.com,Williams-Andrade,643-432-3767,21
776,James Hanna,Unemployed,JHanna26@att.com,Parrish Inc,640-170-3413,15
777,Donald Ford,Chemical engineer,Ford.Donald@protonmail.com,"Aguilar, Graham and Rollins",253-099-1965,43
778,Brianna Whitehead,Chemical engineer,Whitehead.Brianna@zoho.com,"Sullivan, Hart and Douglas",709-358-5806,27
779,Timothy Vasquez,Nurse,Vasquez.Timothy@outlook.com,Day Ltd,104-878-4384,22
780,Robert Strickland,"Engineer, aeronautical",Strickland.Robert26@mail.com,"Munoz, Flores and Oconnell",475-322-1189,37
781,Patricia Peters,Student,PatriciaPeters17@aol.com,"Castillo, Ramirez and Bates",389-797-6412,21
782,Derrick Gaines,Airline pilot,Derrick_Gaines@protonmail.com,"Davies, Meza and Hanson",763-392-0049,25
783,Nancy Stewart,Student,Nancy.Stewart35@att.com,Turner-Morales,360-104-2138,18
784,Brian Lopez,"Engineer, water",Brian_Lopez67@aol.com,Hunt Group,679-335-3387,41
785,Michael Rivera,"Engineer, maintenance (IT)",Rivera.Michael@zoho.com,Stone Group,600-535-6561,22
786,Alan Chambers,Administrator,Alan.C@xfinity.com,Davis Group,662-193-0632,24
787,Thomas Velez,Unemployed,Thomas.V63@aol.com,Khan-Nolan,559-854-9144,11
788,Margaret Guerra,Barrister,MGuerra@yandex.com,Winters-Russell,494-917-3572,23
789,Gregory Smith,Unemployed,Gregory_S58@gmail.com,Campbell Ltd,279-787-5832,13
790,Ryan Gibbs,Unemployed,Ryan.Gibbs14@mail.com,Roth Ltd,993-534-9325,8
791,Jennifer Vaughn,Chemical engineer,Jennifer.V@comcast.net,"Mckenzie, Davis and Mitchell",248-484-4790,24
792,Ann Taylor,Student,Ann_T69@verizon.com,Lewis Ltd,757-369-4708,21
793,Cathy Garcia,Fashion designer,Garcia_Cathy@hotmail.com,"Bennett, Carter and Benson",349-810-2366,35
794,Caroline Jones,Electrical engineer,Caroline_J15@yandex.com,Davis-Moore,116-166-1340,33
795,Brian Simpson,Unemployed,BSimpson@hotmail.com,Byrd-Gentry,392-491-9155,9
796,Steven Jones,Orthoptist,Steven.Jones@att.com,Lopez-Sharp,645-395-3566,46
797,Justin Simmons,Unemployed,Justin_Simmons@aol.com,Perez and Sons,336-240-3118,13
798,Jill Contreras,Electrical engineer,Jill_Contreras44@att.com,Adams-Todd,325-636-0690,24
799,Joshua Santos,Unemployed,Santos.Joshua@outlook.com,Coleman-Lewis,458-173-2931,14
800,Cindy Hawkins,Student,Cindy.Hawkins@verizon.com,"Herrera, Ramirez and Williams",788-903-5617,18
801,Matthew Brady,Editor,Matthew_B82@outlook.com,Howell Ltd,259-472-0472,39
802,Jessica Sanders,"Engineer, land",JSanders@outlook.com,Woods and Sons,942-223-9375,46
803,Charles Tucker,Unemployed,Charles_Tucker@verizon.com,Collins LLC,258-803-0362,9
804,Christina Becker,Unemployed,Becker_Christina99@comcast.net,Duran-Young,671-082-8666,17
805,Holly Ruiz,Student,Holly.R@outlook.com,"Williams, Smith and Rodriguez",479-402-6150,18
806,Kristen Hall,Student,Kristen_Hall@hotmail.com,Valencia-Williams,250-892-6295,18
807,Sydney Coleman,"Engineer, building services",Sydney.C@yandex.com,Pruitt Ltd,207-952-2065,23
808,Paul Wallace,Unemployed,Wallace_Paul@yahoo.com,Howard LLC,176-302-5366,17
809,Jacqueline Aguirre,"Engineer, manufacturing",Jacqueline.Aguirre@aol.com,Beard Inc,359-505-5181,36
810,Robert Jackson,"Engineer, automotive",Robert_J@protonmail.com,Blair Group,184-886-6726,36
811,Cory Thomas,"Engineer, communications",Thomas.Cory@protonmail.com,"Sanchez, Daniel and Klein",545-955-9262,35
812,Phillip Roberts,Chemical engineer,PhillipRoberts@hotmail.com,"Hughes, Thompson and Marshall",275-078-7612,40
813,Katherine Clark,"Engineer, materials",KClark@aol.com,"Wilson, Warren and Avery",459-972-7028,40
814,Kim Hunter,Student,Hunter_Kim@verizon.com,Wade-Johnson,363-908-4343,19
815,Charles Ross,Unemployed,CRoss38@xfinity.com,Hayden-Anderson,464-801-6167,-1
816,Jonathan Norton,Chemical engineer,Jonathan.N@xfinity.com,"Brown, Dennis and Jones",335-102-0659,22
817,Caleb Mcmillan,Student,Caleb_Mcmillan@comcast.net,Rodgers-Rangel,187-526-7104,18
818,Donna Bennett,Games developer,Donna.Bennett@verizon.com,Smith Group,640-053-1465,32
819,Dalton Johnson,Dentist,DaltonJohnson@verizon.com,Gomez-Bonilla,918-399-2313,32
820,Michael Boone,Unemployed,Michael.B@hotmail.com,"Webb, Thompson and Haynes",595-269-3965,11
821,Sarah Aguirre,Unemployed,Sarah_Aguirre@att.com,Hughes-Clark,365-536-9065,13
822,Tammy Mayer,"Engineer, materials",TammyMayer20@xfinity.com,Prince LLC,337-772-2900,23
823,Ashley Taylor,Chemical engineer,Ashley.Taylor37@att.com,Zavala-Baker,305-574-8896,23
824,Christina Strong,Barrister,Christina.Strong@yandex.com,Krueger-Smith,446-853-9436,26
825,Barbara Gonzalez DVM,Unemployed,DVM_Barbara@comcast.net,"Erickson, Hill and Rivera",409-628-4011,11
826,Grant Alvarez,Surgeon,GrantAlvarez@att.com,Robertson-Crawford,735-627-6393,24
827,Ian Edwards,Solicitor,Ian.Edwards@protonmail.com,Lawrence PLC,229-988-4450,30
828,Mark Morrison,Student,Mark.M30@yandex.com,Carter-Mccormick,347-994-8428,18
829,Brian Bentley,"Engineer, materials",Brian.B@comcast.net,Martin-Lane,796-549-8804,26
830,Alicia Leonard,Unemployed,ALeonard@mail.com,Hawkins-Black,574-197-0775,17
831,James Henson,Unemployed,JamesHenson48@hotmail.com,Mcdonald and Sons,685-289-4110,9
832,Carl Smith,Student,Smith.Carl27@protonmail.com,Watts-Burns,368-398-3440,20
833,Jamie Sullivan,Unemployed,JamieSullivan@zoho.com,Hill-Webb,658-072-1734,5
834,April Porter,Chemical engineer,Porter_April@xfinity.com,Watson LLC,394-231-7286,22
835,Marvin Collins,"Engineer, technical sales",Collins.Marvin@yahoo.com,"Chambers, Franklin and Garcia",865-232-8355,26
836,Sarah Kemp,Computer games developer,Sarah.Kemp@comcast.net,Ray and Sons,756-058-8229,34
837,James Eaton,"Engineer, petroleum",JEaton77@outlook.com,"Stone, White and Hall",510-482-8887,28
838,John Odom,"Engineer, materials",Odom.John@protonmail.com,"Smith, Charles and Juarez",266-071-0032,35
839,Debra Edwards,"Engineer, manufacturing systems",Edwards.Debra@outlook.com,Owen LLC,532-083-6270,22
840,Megan Madden,"Engineer, civil (contracting)",MMadden43@mail.com,Krause-Lewis,774-828-9909,29
841,Raymond Kane,"Librarian, public",RKane@xfinity.com,"Tanner, Buchanan and Paul",423-623-2518,22
842,Michael Colon,Actor,MichaelColon@xfinity.com,Chambers Group,932-434-2260,38
843,Timothy Anthony,"Engineer, energy",Anthony.Timothy@outlook.com,Weaver-Martin,325-817-0723,34
844,Lisa Gardner,"Engineer, agricultural",Lisa_Gardner94@mail.com,"Monroe, Watson and Cantrell",156-314-3559,32
845,Alyssa Munoz,Unemployed,Munoz_Alyssa@att.com,"Gonzalez, Cortez and Martin",353-068-0125,6
846,Michael Scott,Unemployed,Michael_Scott@yandex.com,Vargas-Griffin,920-174-0984,15
847,Joyce Davis,Unemployed,JoyceDavis@protonmail.com,Medina-Mcmillan,552-733-5372,11
848,Jeremy Wheeler,"Engineer, maintenance (IT)",Wheeler.Jeremy@outlook.com,"Campbell, Jenkins and Escobar",968-259-4194,58
849,Jodi Smith,Graphic designer,Jodi_Smith86@xfinity.com,Sanders Ltd,818-792-0277,42
850,Nicholas Allen,"Engineer, biomedical",Allen_Nicholas30@yandex.com,Whitehead-Simmons,282-689-0667,35
851,James Estrada,"Engineer, production",James_Estrada57@gmail.com,Patterson and Sons,866-590-6758,24
852,Larry Prince,"Engineer, structural",Larry_Prince@hotmail.com,"Bryant, Oliver and Jackson",677-346-2679,35
853,Nathan Nguyen,"Engineer, building services",NathanNguyen@comcast.net,Jones PLC,855-748-0515,33
854,Melinda Page,Psychiatrist,MelindaPage23@comcast.net,"Mcmahon, Long and Duncan",583-365-3841,25
855,Heidi Foster,Student,Heidi_Foster@outlook.com,"Bryan, Gallagher and Allen",904-590-4715,18
856,Christina Aguilar,Dentist,Christina_Aguilar@outlook.com,Gomez PLC,631-294-3128,44
857,Frank Smith,Student,FSmith@verizon.com,Edwards-Pratt,239-921-3194,20
858,Joel Young,Student,Young_Joel@att.com,"Ball, Deleon and Perez",852-153-8649,21
859,Carrie Myers,Unemployed,Myers.Carrie@aol.com,"Rodriguez, Nelson and Moore",429-177-3827,3
860,William Thompson,Unemployed,Thompson.William@comcast.net,Kirby-Morris,399-155-7818,16
861,Ryan Carlson,Unemployed,Ryan.C@zoho.com,Johnson Group,684-775-5875,17
862,John Lopez,Administrator,John_Lopez@aol.com,Heath-Simon,603-743-8665,43
863,Mrs. Jennifer Mclaughlin,Student,Mclaughlin_Mrs.@xfinity.com,Tapia Ltd,781-980-6268,18
864,Jerry Baker,Chemical engineer,Jerry_Baker@xfinity.com,"Bryan, Sullivan and Miller",427-158-6258,36
865,Anthony Coleman,IT consultant,Anthony.C71@comcast.net,Lopez LLC,487-726-9968,35
866,William Rice,Police officer,Rice.William@xfinity.com,"Ramirez, Williams and Ortiz",190-600-2618,23
867,Rachel Ray,Counsellor,Rachel.Ray@comcast.net,"Rice, Thomas and Flores",178-339-6014,23
868,Heather Steele,"Engineer, biomedical",HSteele@gmail.com,Lopez PLC,820-727-4753,33
869,Courtney Harris,Chemical engineer,Harris_Courtney@xfinity.com,Yang and Sons,766-135-3259,23
870,Jennifer Mcdaniel,Student,JenniferMcdaniel@comcast.net,Austin-Davis,730-836-2560,21
871,Riley Garrison,Student,RileyGarrison@protonmail.com,"Molina, White and Burnett",747-061-2813,19
872,Sherry Gonzalez,"Librarian, public",Sherry.G@gmail.com,Jones PLC,121-969-6772,25
873,Christie Garcia,"Engineer, energy",Garcia_Christie@mail.com,Moore Inc,876-076-2231,23
874,Maureen Smith,Orthoptist,Maureen_S@protonmail.com,Walker Group,498-037-5886,29
875,Michele Perry,Student,Michele_Perry@xfinity.com,Faulkner-Vang,813-535-6545,20
876,Garrett Wise,Student,Garrett.Wise39@yahoo.com,"Hammond, Romero and Johnson",891-196-3248,19
877,Kenneth Carter,"Engineer, broadcasting (operations)",Kenneth_C@mail.com,Williams Inc,559-100-0681,35
878,Stacy Barnett,Unemployed,SBarnett@yandex.com,Fox-Rosales,469-061-9497,-2
879,Angela Morales,"Engineer, maintenance (IT)",Morales.Angela12@yahoo.com,"Romero, Waters and Thompson",235-064-5885,26
880,Amy Vargas,Psychiatrist,Amy.Vargas20@att.com,"Martin, Medina and Kennedy",949-342-2536,36
881,Alexandra Allen,Unemployed,Alexandra_Allen51@outlook.com,Romero and Sons,897-327-1503,10
882,Christopher Perkins,Unemployed,Christopher_P@aol.com,Hudson-Lowe,927-078-6867,16
883,Zachary Anderson,Unemployed,Zachary.Anderson@xfinity.com,"Vargas, Dyer and Wise",491-986-9395,15
884,Lindsay Munoz,Unemployed,LMunoz@protonmail.com,Taylor-Jones,686-870-5465,11
885,Wendy Freeman,Student,WFreeman@comcast.net,Webb-Gillespie,751-424-1735,20
886,Jacob Roberts,Unemployed,JacobRoberts45@yahoo.com,Lutz-Henderson,260-245-2473,16
887,Amber Koch,"Engineer, petroleum",Amber_K80@zoho.com,Griffin-Johnson,504-221-5403,28
888,Laura Harvey,Unemployed,Laura.H@hotmail.com,"Lopez, Burgess and Murphy",316-906-4266,14
889,Leah Coleman,Chemical engineer,Coleman_Leah@yandex.com,Ashley-Williams,768-607-5347,28
890,Michael Finley,Barista,Finley_Michael@zoho.com,Ramirez Inc,606-754-5260,31
891,Michael Ramirez,"Engineer, agricultural",MichaelRamirez44@outlook.com,"Martinez, Pena and Lee",541-760-4255,31
892,Kristina Ho,"Engineer, water",Ho.Kristina@xfinity.com,"Andrews, Baker and White",643-981-0457,28
893,Wendy Thornton,Chemical engineer,Thornton_Wendy@aol.com,Cox-Smith,180-475-7205,40
894,Todd Odonnell,Student,ToddOdonnell@outlook.com,Graham Group,765-313-1724,18
895,Derek Martinez,Editor,Derek.Martinez55@yahoo.com,Bullock-Green,707-794-5848,49
896,Debra Wilkins,"Engineer, technical sales",Debra.W@yahoo.com,Obrien LLC,833-156-9727,27
897,Thomas Lewis,"Engineer, maintenance",Thomas_L@zoho.com,"Valencia, Grimes and Parker",460-395-6590,34
898,Philip Turner,"Engineer, civil (consulting)",PTurner60@comcast.net,Montgomery LLC,667-117-7396,34
899,Catherine Miller,Student,Catherine_Miller25@gmail.com,Miller-Jones,206-153-4549,18
900,Aaron Gutierrez,IT consultant,Gutierrez.Aaron@protonmail.com,Crawford-Gross,188-915-8192,39
901,Taylor Bradley,"Engineer, energy",Taylor_B51@protonmail.com,Cowan and Sons,725-800-3185,43
902,Carrie Clark,Unemployed,Carrie_C@att.com,Mcdonald and Sons,196-815-0063,12
903,Matthew Ramirez,Unemployed,Matthew_R@protonmail.com,Torres and Sons,286-171-1248,4
904,James Bush,Student,Bush.James37@xfinity.com,Neal LLC,103-899-9072,21
905,Timothy Bowen,Administrator,Timothy.Bowen@mail.com,Mclean-Jones,752-137-7664,24
906,Donna Cruz,Student,Cruz.Donna@att.com,Bridges Inc,619-726-0890,21
907,Nicholas Gill,"Librarian, public",Nicholas.Gill@gmail.com,Phillips-Valdez,399-732-5338,40
908,Shane Morrison,"Engineer, biomedical",Shane.M@gmail.com,"Gonzales, Andrade and Frank",133-020-6751,36
909,Ian Davis,Student,Ian.Davis@zoho.com,"Turner, Lloyd and Bond",204-935-2110,20
910,Briana Garcia,"Engineer, manufacturing",Briana.G@protonmail.com,Porter Group,858-813-4780,35
911,Karen Stewart,Chemical engineer,KStewart@outlook.com,Brown-Castaneda,323-974-4389,32
912,Sara Proctor,Unemployed,SProctor@yandex.com,"Henry, Turner and Holmes",361-123-7554,9
913,Andrea Lamb,"Engineer, control and instrumentation",AndreaLamb@protonmail.com,Foster-Conway,577-769-8566,23
914,Donald Rodriguez,Unemployed,Donald.R@zoho.com,"Cook, Vance and Wilkins",219-501-3369,6
915,Richard Figueroa,Actuary,Richard.F54@yandex.com,Mccormick PLC,945-976-8141,42
916,Alexandra Rowe,Graphic designer,ARowe@verizon.com,Eaton-Arroyo,660-194-2230,27
917,Robert Rodgers,Fashion designer,Robert.Rodgers@comcast.net,"Kim, Finley and Wallace",129-190-8592,34
918,Alison Vaughan,"Engineer, water",Vaughan.Alison91@att.com,Adams PLC,470-488-8589,36
919,Scott Hanson,Editor,ScottHanson@gmail.com,Marquez-Collins,886-873-6567,34
920,Nancy Schroeder,Chemical engineer,Nancy.Schroeder@yahoo.com,Mitchell and Sons,983-273-0575,35
921,Brandy Ferguson,"Engineer, manufacturing",Ferguson_Brandy78@att.com,Yoder Group,763-041-2531,32
922,Barbara Williams,"Engineer, manufacturing",Williams.Barbara@zoho.com,Hall-Hall,402-659-7626,39
923,Kathy Watson,Tour manager,Kathy_Watson@att.com,Cardenas-Ball,234-144-2036,43
924,Nathan Hansen,Student,Hansen_Nathan87@outlook.com,Stewart-Elliott,895-905-9465,18
925,Krista Christensen,Actuary,Christensen.Krista@mail.com,"Mathews, Mckee and Rios",572-790-1818,27
926,Lydia Thompson,"Engineer, structural",Lydia.Thompson@mail.com,Yu-Anderson,815-031-9763,32
927,Ms. Melanie Smith,"Engineer, automotive",Ms._Smith@hotmail.com,"Jenkins, Nelson and Fleming",618-491-3484,29
928,Brett Henderson,"Engineer, energy",Brett.H@outlook.com,Myers-Brandt,445-164-5445,27
929,Joshua Smith,Student,Joshua.S@att.com,Marshall Inc,726-007-9291,18
930,Lisa White,Chemical engineer,Lisa.W@xfinity.com,"Smith, Glass and Walker",348-102-4821,23
931,Joshua Hayes,Tour manager,Joshua.Hayes@yahoo.com,Alvarez-Boyer,193-649-3923,40
932,Kristen Hinton,Tour manager,KristenHinton71@att.com,Mcguire LLC,112-874-7219,30
933,David Brown,Unemployed,Brown_David@att.com,Anderson-Brooks,845-581-9708,10
934,Whitney Wright,Administrator,Whitney.Wright@xfinity.com,Torres Ltd,680-100-0209,27
935,Claire Bryant,Architect,Claire.B@protonmail.com,Rogers Ltd,577-937-4818,47
936,Christopher Daugherty,Chemical engineer,ChristopherDaugherty@comcast.net,Sullivan Ltd,472-855-6677,27
937,Beth Garza,Chemical engineer,Beth.Garza@mail.com,Munoz-Garcia,835-142-2053,29
938,Rachel Gordon,Barista,Gordon.Rachel87@yandex.com,"Norman, Wilson and Johnson",715-651-6097,43
939,Katrina Daniels,"Engineer, broadcasting (operations)",KDaniels48@outlook.com,Garza Group,241-749-0142,27
940,Jessica Young,Hotel manager,JYoung45@gmail.com,"Thompson, Miller and Small",865-735-4207,25
941,Anthony Clark,"Engineer, building services",Clark.Anthony@xfinity.com,Knight Group,949-764-3265,33
942,Douglas Blevins,Unemployed,Douglas.B83@verizon.com,Herman Group,809-512-9527,15
943,Jeffrey Coleman,"Engineer, mining",Jeffrey_Coleman@gmail.com,Griffin-Moreno,477-129-5920,29
944,Kayla Allison,Chemical engineer,KAllison@outlook.com,"Meyers, Lloyd and Rollins",695-078-5606,25
945,Ashley Roberts,Unemployed,Ashley_R@yahoo.com,Zimmerman-Page,987-926-5695,13
946,Jordan Patrick,Chemical engineer,Jordan.Patrick71@mail.com,"Ellis, Bowman and Dominguez",504-781-0151,25
947,Fred Weber MD,"Engineer, manufacturing systems",Fred_MD@att.com,Rogers-Walter,469-941-2645,48
948,Roy Holland,"Engineer, mining",Roy.H@hotmail.com,Serrano Ltd,771-516-2375,25
949,Susan Johnson,"Engineer, communications",SusanJohnson@outlook.com,Sellers-Thompson,556-053-8391,32
950,Jennifer Collins,Nurse,Jennifer.Collins@comcast.net,Friedman Group,278-596-8018,22
951,Desiree Young,Chemical engineer,Desiree_Y@yahoo.com,Wilson-Trevino,324-701-8708,33
952,Yolanda White,Chemical engineer,Yolanda_White57@zoho.com,Jones-Summers,706-755-6105,25
953,Barbara Charles,Chemical engineer,Barbara.C@yahoo.com,Rodriguez LLC,664-995-8822,31
954,Christopher Jackson Jr.,"Engineer, civil (consulting)",CJr.@aol.com,"Simon, Powell and Mccarty",878-531-1493,26
955,Maria Elliott,Student,Elliott.Maria@mail.com,Brennan and Sons,613-591-1776,19
956,Tina Owens,Student,Tina.Owens@gmail.com,"Marshall, Pierce and Ford",397-730-5210,18
957,Joseph Wyatt,Student,Wyatt.Joseph@mail.com,"Bowers, Farley and Wright",733-098-9704,18
958,Adam Leonard,Unemployed,Adam.L@att.com,"Weber, Ray and Knapp",389-176-8899,11
959,Misty Johnson,Student,Johnson.Misty@aol.com,Alexander-Ochoa,953-593-9545,20
960,Jessica Schwartz,Unemployed,JSchwartz@verizon.com,"Park, Gordon and Edwards",658-342-9897,5
961,Donald Cordova,Student,Donald.Cordova@zoho.com,Lin-Miller,507-272-7011,18
962,Anthony Hughes,Student,AHughes19@yahoo.com,"Martinez, Romero and Quinn",124-531-2998,20
963,Heather Wilcox,Chemical engineer,HeatherWilcox@protonmail.com,"Terry, Cabrera and Jones",223-816-5792,24
964,Erin Grimes,Student,Erin_G@protonmail.com,Oconnell-Jackson,191-605-0982,18
965,Shannon Gomez,"Engineer, mining",Shannon_Gomez@gmail.com,"Smith, Parker and Hernandez",150-983-2296,48
966,William Garcia,"Engineer, broadcasting (operations)",Garcia.William@protonmail.com,"Arias, Johnson and Harris",483-863-4105,29
967,Stephanie Burns,"Librarian, public",Stephanie.B@yandex.com,Castaneda and Sons,359-704-6018,30
968,Tyler Morgan,Unemployed,TylerMorgan@comcast.net,"Pace, Gutierrez and Vega",144-124-7519,17
969,Scott Alvarez,"Engineer, electronics",Scott_A93@mail.com,"Wilson, Harris and Collins",832-594-9516,23
970,Patrick Berger,Unemployed,Berger_Patrick@aol.com,"Ward, Stafford and Lee",383-482-2003,11
971,Kelly Young,Student,Kelly.Y@xfinity.com,Brown-Hawkins,200-343-1793,20
972,Jennifer Howard,Unemployed,Jennifer.Howard@yandex.com,Singleton LLC,769-056-7735,16
973,William Jackson,"Engineer, communications",William.Jackson@comcast.net,"Bonilla, Williams and Berger",939-210-6856,35
974,Ryan Bennett,"Engineer, production",Bennett_Ryan@verizon.com,"Harper, Black and Mendez",570-573-4846,35
975,Joshua Woods,"Engineer, maintenance",JoshuaWoods@comcast.net,Lee Ltd,363-778-5888,34
976,Gregory Guerrero,Unemployed,GregoryGuerrero@att.com,Thomas-Winters,564-293-6901,15
977,Bobby Aguirre,Unemployed,BobbyAguirre@att.com,Mora and Sons,724-150-5399,11
978,Laura Cunningham,Counsellor,LauraCunningham@hotmail.com,Williams and Sons,189-261-6626,29
979,Jesus Moss,Unemployed,Moss.Jesus@outlook.com,Byrd-Leonard,708-564-5613,15
980,Michael Johnson,"Engineer, electrical",Johnson.Michael@gmail.com,Young Ltd,766-636-6725,30
981,John Whitney,Chemical engineer,Whitney.John@att.com,Perkins Inc,527-631-7990,26
982,Dr. Lisa Neal,"Engineer, land",Dr..Neal11@xfinity.com,Cox-Richardson,377-862-1286,22
983,Ashley Rodriguez,Student,Ashley.R@gmail.com,Serrano Group,437-923-7332,18
984,Craig Parsons,Banker,Craig.Parsons@att.com,Shannon-Vang,639-288-0923,33
985,Alan Mitchell,"Engineer, electrical",Mitchell.Alan77@hotmail.com,Wagner Inc,454-752-1489,46
986,Zachary Stevenson,Unemployed,ZStevenson@protonmail.com,Smith-Gibson,380-732-7540,5
987,Meagan Nelson,Barista,MNelson@outlook.com,Nash Group,452-073-6301,28
988,Patricia Reese,Unemployed,Patricia.Reese@att.com,"Mcmahon, Ochoa and Guerra",156-119-8122,16
989,Nicole Smith,Unemployed,Nicole_Smith84@outlook.com,Cross PLC,286-981-1376,12
990,Thomas Hill,Chemical engineer,Hill_Thomas@gmail.com,"Nguyen, Elliott and Nelson",826-267-1331,31
991,Allen Robertson,Chemical engineer,ARobertson@zoho.com,"Wells, Caldwell and Peters",632-516-3293,26
992,Tracy Perez,Unemployed,Perez_Tracy@aol.com,Hines-White,398-597-9570,14
993,Susan Murray,"Engineer, energy",SMurray@aol.com,Lane-Rose,478-936-2789,29
994,Ruben Steele,Orthoptist,Ruben.Steele@att.com,Rodriguez-Matthews,383-441-3281,30
995,Ashley Young,Student,Ashley_Y@xfinity.com,Esparza-Johnson,751-654-6719,19
996,Mr. Steven Smith,"Engineer, structural",Mr..Smith@zoho.com,Hensley-Odom,279-898-4565,26
997,Mark Smith,"Engineer, control and instrumentation",Mark_S@yahoo.com,Fisher LLC,563-382-1868,29
998,Jeffrey Carrillo,Unemployed,JeffreyCarrillo@yahoo.com,Morgan LLC,223-784-2416,15
999,Karen Barber,"Doctor, general practice",Karen.Barber20@yandex.com,"Nelson, Joseph and Fowler",512-703-6189,24
